assessmentID,owner,content,logical_pass,target
assess_kb_scenario_2,logicalVerifier,,100,kb_scenario_2
assess_kb_scenario_6,logicalVerifier,,100,kb_scenario_6
assess_kb_scenario_10,logicalVerifier,,100,kb_scenario_10
assess_kb_scenario_30,logicalVerifier,,100,kb_scenario_30
assess_kb_scenario_32,logicalVerifier,,100,kb_scenario_32
assess_kb_scenario_39,logicalVerifier,,100,kb_scenario_39
assess_kb_scenario_54,logicalVerifier,,100,kb_scenario_54
assess_kb_scenario_57,logicalVerifier,,100,kb_scenario_57
assess_kb_scenario_58,logicalVerifier,,100,kb_scenario_58
assess_kb_scenario_59,logicalVerifier,,100,kb_scenario_59
assess_kb_scenario_60,logicalVerifier,,100,kb_scenario_60
assess_kb_scenario_63,logicalVerifier,,100,kb_scenario_63
assess_kb_scenario_69,logicalVerifier,,100,kb_scenario_69
assess_kb_scenario_70,logicalVerifier,,100,kb_scenario_70
assess_kb_scenario_71,logicalVerifier,,100,kb_scenario_71
assess_kb_scenario_75,logicalVerifier,,100,kb_scenario_75
assess_kb_scenario_103,logicalVerifier,,100,kb_scenario_103
assess_kb_scenario_114,logicalVerifier,,100,kb_scenario_114
assess_kb_scenario_118,logicalVerifier,,100,kb_scenario_118
assess_kb_scenario_119,logicalVerifier,,100,kb_scenario_119
assess_kb_scenario_131,logicalVerifier,,100,kb_scenario_131
assess_kb_scenario_136,logicalVerifier,,100,kb_scenario_136
assess_kb_scenario_138,logicalVerifier,,100,kb_scenario_138
assess_kb_scenario_139,logicalVerifier,,100,kb_scenario_139
assess_kb_scenario_142,logicalVerifier,,100,kb_scenario_142
assess_kb_scenario_144,logicalVerifier,,100,kb_scenario_144
assess_kb_scenario_148,logicalVerifier,,100,kb_scenario_148
assess_kb_scenario_199,logicalVerifier,,100,kb_scenario_199
assess_kb_scenario_200,logicalVerifier,,100,kb_scenario_200
assess_kb_scenario_226,logicalVerifier,,100,kb_scenario_226
assess_kb_scenario_234,logicalVerifier,,100,kb_scenario_234
assess_kb_scenario_235,logicalVerifier,,100,kb_scenario_235
assess_kb_scenario_237,logicalVerifier,,100,kb_scenario_237
assess_kb_scenario_240,logicalVerifier,,100,kb_scenario_240
assess_kb_scenario_241,logicalVerifier,,100,kb_scenario_241
assess_kb_scenario_244,logicalVerifier,,100,kb_scenario_244
assess_kb_scenario_249,logicalVerifier,,100,kb_scenario_249
assess_kb_scenario_257,logicalVerifier,,100,kb_scenario_257
assess_kb_scenario_262,logicalVerifier,,100,kb_scenario_262
assess_kb_scenario_266,logicalVerifier,,100,kb_scenario_266
assess_kb_scenario_267,logicalVerifier,,100,kb_scenario_267
assess_kb_scenario_277,logicalVerifier,,100,kb_scenario_277
assess_kb_scenario_278,logicalVerifier,,100,kb_scenario_278
assess_kb_scenario_279,logicalVerifier,,100,kb_scenario_279
assess_kb_scenario_280,logicalVerifier,,100,kb_scenario_280
assess_kb_scenario_299,logicalVerifier,,100,kb_scenario_299
assess_kb_scenario_305,logicalVerifier,,100,kb_scenario_305
assess_kb_scenario_306,logicalVerifier,,100,kb_scenario_306
assess_kb_scenario_317,logicalVerifier,,100,kb_scenario_317
assess_kb_scenario_318,logicalVerifier,,100,kb_scenario_318
assess_kb_scenario_320,logicalVerifier,,100,kb_scenario_320
assess_kb_scenario_321,logicalVerifier,,100,kb_scenario_321
assess_kb_scenario_323,logicalVerifier,,100,kb_scenario_323
assess_kb_scenario_352,logicalVerifier,,100,kb_scenario_352
assess_kb_scenario_362,logicalVerifier,,100,kb_scenario_362
assess_kb_scenario_367,logicalVerifier,,100,kb_scenario_367
assess_kb_scenario_383,logicalVerifier,,100,kb_scenario_383
assess_kb_scenario_386,logicalVerifier,,100,kb_scenario_386
assess_kb_scenario_387,logicalVerifier,,100,kb_scenario_387
assess_kb_scenario_389,logicalVerifier,,100,kb_scenario_389
