assessmentID,owner,content,scenario_score,target
scenario_assessment_1,scenarioVerifier,,93.0,scenario_2
scenario_assessment_2,scenarioVerifier,,85.0,scenario_6
scenario_assessment_3,scenarioVerifier,,83.0,scenario_10
scenario_assessment_4,scenarioVerifier,,88.0,scenario_30
scenario_assessment_5,scenarioVerifier,,78.0,scenario_32
scenario_assessment_6,scenarioVerifier,,92.0,scenario_39
scenario_assessment_7,scenarioVerifier,,87.0,scenario_54
scenario_assessment_8,scenarioVerifier,,75.0,scenario_57
scenario_assessment_9,scenarioVerifier,,86.0,scenario_58
scenario_assessment_10,scenarioVerifier,,89.0,scenario_59
scenario_assessment_11,scenarioVerifier,,91.0,scenario_60
scenario_assessment_12,scenarioVerifier,,88.0,scenario_63
scenario_assessment_13,scenarioVerifier,,84.0,scenario_69
scenario_assessment_14,scenarioVerifier,,86.0,scenario_70
scenario_assessment_15,scenarioVerifier,,85.0,scenario_71
scenario_assessment_16,scenarioVerifier,,79.0,scenario_75
scenario_assessment_17,scenarioVerifier,,88.0,scenario_103
scenario_assessment_18,scenarioVerifier,,85.0,scenario_114
scenario_assessment_19,scenarioVerifier,,86.7,scenario_118
scenario_assessment_20,scenarioVerifier,,88.0,scenario_119
scenario_assessment_21,scenarioVerifier,,84.0,scenario_131
scenario_assessment_22,scenarioVerifier,,82.0,scenario_136
scenario_assessment_23,scenarioVerifier,,83.0,scenario_138
scenario_assessment_24,scenarioVerifier,,85.0,scenario_139
scenario_assessment_25,scenarioVerifier,,86.0,scenario_142
scenario_assessment_26,scenarioVerifier,,88.0,scenario_144
scenario_assessment_27,scenarioVerifier,,92.0,scenario_148
scenario_assessment_28,scenarioVerifier,,79.0,scenario_199
scenario_assessment_29,scenarioVerifier,,82.0,scenario_200
scenario_assessment_30,scenarioVerifier,,78.0,scenario_226
scenario_assessment_31,scenarioVerifier,,85.0,scenario_234
scenario_assessment_32,scenarioVerifier,,85.0,scenario_235
scenario_assessment_33,scenarioVerifier,,87.0,scenario_237
scenario_assessment_34,scenarioVerifier,,90.0,scenario_240
scenario_assessment_35,scenarioVerifier,,92.0,scenario_241
scenario_assessment_36,scenarioVerifier,,88.0,scenario_244
scenario_assessment_37,scenarioVerifier,,88.0,scenario_249
scenario_assessment_38,scenarioVerifier,,87.0,scenario_257
scenario_assessment_39,scenarioVerifier,,92.0,scenario_262
scenario_assessment_40,scenarioVerifier,,87.0,scenario_266
scenario_assessment_41,scenarioVerifier,,85.0,scenario_267
scenario_assessment_42,scenarioVerifier,,85.0,scenario_277
scenario_assessment_43,scenarioVerifier,,93.0,scenario_278
scenario_assessment_44,scenarioVerifier,,86.0,scenario_279
scenario_assessment_45,scenarioVerifier,,91.0,scenario_280
scenario_assessment_46,scenarioVerifier,,87.0,scenario_299
scenario_assessment_47,scenarioVerifier,,87.0,scenario_305
scenario_assessment_48,scenarioVerifier,,85.0,scenario_306
scenario_assessment_49,scenarioVerifier,,85.0,scenario_317
scenario_assessment_50,scenarioVerifier,,92.0,scenario_318
scenario_assessment_51,scenarioVerifier,,87.0,scenario_320
scenario_assessment_52,scenarioVerifier,,85.0,scenario_321
scenario_assessment_53,scenarioVerifier,,92.0,scenario_323
scenario_assessment_54,scenarioVerifier,,85.0,scenario_352
scenario_assessment_55,scenarioVerifier,,92.0,scenario_362
scenario_assessment_56,scenarioVerifier,,93.0,scenario_367
scenario_assessment_57,scenarioVerifier,,92.0,scenario_383
scenario_assessment_58,scenarioVerifier,,93.0,scenario_386
scenario_assessment_59,scenarioVerifier,,92.0,scenario_387
scenario_assessment_60,scenarioVerifier,,92.0,scenario_389
