assessmentID,owner,content,legal_score,target
legal_assess_kb_scenario_2,legalVerifier,,76,kb_scenario_2
legal_assess_kb_scenario_6,legalVerifier,,69,kb_scenario_6
legal_assess_kb_scenario_10,legalVerifier,,54,kb_scenario_10
legal_assess_kb_scenario_30,legalVerifier,,74,kb_scenario_30
legal_assess_kb_scenario_32,legalVerifier,,61,kb_scenario_32
legal_assess_kb_scenario_39,legalVerifier,,73,kb_scenario_39
legal_assess_kb_scenario_54,legalVerifier,,68,kb_scenario_54
legal_assess_kb_scenario_57,legalVerifier,,75,kb_scenario_57
legal_assess_kb_scenario_58,legalVerifier,,57,kb_scenario_58
legal_assess_kb_scenario_59,legalVerifier,,61,kb_scenario_59
legal_assess_kb_scenario_60,legalVerifier,,64,kb_scenario_60
legal_assess_kb_scenario_63,legalVerifier,,67,kb_scenario_63
legal_assess_kb_scenario_69,legalVerifier,,46,kb_scenario_69
legal_assess_kb_scenario_70,legalVerifier,,42,kb_scenario_70
legal_assess_kb_scenario_71,legalVerifier,,75,kb_scenario_71
legal_assess_kb_scenario_75,legalVerifier,,79,kb_scenario_75
legal_assess_kb_scenario_103,legalVerifier,,61,kb_scenario_103
legal_assess_kb_scenario_114,legalVerifier,,62,kb_scenario_114
legal_assess_kb_scenario_118,legalVerifier,,78,kb_scenario_118
legal_assess_kb_scenario_119,legalVerifier,,69,kb_scenario_119
legal_assess_kb_scenario_131,legalVerifier,,72,kb_scenario_131
legal_assess_kb_scenario_136,legalVerifier,,75,kb_scenario_136
legal_assess_kb_scenario_138,legalVerifier,,70,kb_scenario_138
legal_assess_kb_scenario_139,legalVerifier,,69,kb_scenario_139
legal_assess_kb_scenario_142,legalVerifier,,72,kb_scenario_142
legal_assess_kb_scenario_144,legalVerifier,,63,kb_scenario_144
legal_assess_kb_scenario_148,legalVerifier,,78,kb_scenario_148
legal_assess_kb_scenario_199,legalVerifier,,72,kb_scenario_199
legal_assess_kb_scenario_200,legalVerifier,,62,kb_scenario_200
legal_assess_kb_scenario_226,legalVerifier,,74,kb_scenario_226
legal_assess_kb_scenario_234,legalVerifier,,73,kb_scenario_234
legal_assess_kb_scenario_235,legalVerifier,,62,kb_scenario_235
legal_assess_kb_scenario_237,legalVerifier,,78,kb_scenario_237
legal_assess_kb_scenario_240,legalVerifier,,72,kb_scenario_240
legal_assess_kb_scenario_241,legalVerifier,,78,kb_scenario_241
legal_assess_kb_scenario_244,legalVerifier,,62,kb_scenario_244
legal_assess_kb_scenario_249,legalVerifier,,68,kb_scenario_249
legal_assess_kb_scenario_257,legalVerifier,,62,kb_scenario_257
legal_assess_kb_scenario_262,legalVerifier,,68,kb_scenario_262
legal_assess_kb_scenario_266,legalVerifier,,56,kb_scenario_266
legal_assess_kb_scenario_267,legalVerifier,,72,kb_scenario_267
legal_assess_kb_scenario_277,legalVerifier,,78,kb_scenario_277
legal_assess_kb_scenario_278,legalVerifier,,72,kb_scenario_278
legal_assess_kb_scenario_279,legalVerifier,,72,kb_scenario_279
legal_assess_kb_scenario_280,legalVerifier,,78,kb_scenario_280
legal_assess_kb_scenario_299,legalVerifier,,83,kb_scenario_299
legal_assess_kb_scenario_305,legalVerifier,,85,kb_scenario_305
legal_assess_kb_scenario_306,legalVerifier,,73,kb_scenario_306
legal_assess_kb_scenario_317,legalVerifier,,78,kb_scenario_317
legal_assess_kb_scenario_318,legalVerifier,,82,kb_scenario_318
legal_assess_kb_scenario_320,legalVerifier,,72,kb_scenario_320
legal_assess_kb_scenario_321,legalVerifier,,72,kb_scenario_321
legal_assess_kb_scenario_323,legalVerifier,,63,kb_scenario_323
legal_assess_kb_scenario_352,legalVerifier,,78,kb_scenario_352
legal_assess_kb_scenario_362,legalVerifier,,78,kb_scenario_362
legal_assess_kb_scenario_367,legalVerifier,,78,kb_scenario_367
legal_assess_kb_scenario_383,legalVerifier,,82,kb_scenario_383
legal_assess_kb_scenario_386,legalVerifier,,72,kb_scenario_386
legal_assess_kb_scenario_387,legalVerifier,,72,kb_scenario_387
legal_assess_kb_scenario_389,legalVerifier,,78,kb_scenario_389
