resourceID,title,contributor,url
article_6,GDPR Article 6,EuropeanUnion,https://eur-lex.europa.eu/eli/reg/2016/679/oj/eng#d1e1888-1-1
article_7,GDPR Article 7,EuropeanUnion,https://eur-lex.europa.eu/eli/reg/2016/679/oj/eng#d1e2001-1-1
article_9,GDPR Article 9,EuropeanUnion,https://eur-lex.europa.eu/eli/reg/2016/679/oj/eng#d1e2051-1-1
article_15,GDPR Article 15,EuropeanUnion,https://eur-lex.europa.eu/eli/reg/2016/679/oj/eng#d1e2513-1-1
article_17,GDPR Article 17,EuropeanUnion,https://eur-lex.europa.eu/eli/reg/2016/679/oj/eng#d1e2606-1-1
article_18,GDPR Article 18,EuropeanUnion,https://eur-lex.europa.eu/eli/reg/2016/679/oj/eng#d1e2700-1-1
article_20,GDPR Article 20,EuropeanUnion,https://eur-lex.europa.eu/eli/reg/2016/679/oj/eng#d1e2753-1-1
article_21,GDPR Article 21,EuropeanUnion,https://eur-lex.europa.eu/eli/reg/2016/679/oj/eng#d1e2803-1-1
article_32,GDPR Article 32,EuropeanUnion,https://eur-lex.europa.eu/eli/reg/2016/679/oj/eng#d1e3383-1-1
