claimID,owner,timestamp,content,explanation,target,selectorPhrase,case
claim0,tunerA,2024-12-19 09:52:45,"{'State': {'Parameters': {'Kp': 'moderate', 'Ki': 'moderate', 'Kd': 'low'}, 'Overshoot': 'high', 'Settling Time': 'low', 'Steady-state Error': 'low'}, 'Next_State': {'Parameters': {'Kp': 'moderate', 'Ki': 'moderate', 'Kd': 'moderate'}, 'Overshoot': 'high', 'Settling Time': 'low', 'Steady-state Error': 'moderate'}}",increase Kd moderately so that the overshoot is reduced.,tuningLogA,,case1
claim1,tunerA,2024-12-19 09:55:33,"{'State': {'Parameters': {'Kp': 'moderate', 'Ki': 'moderate', 'Kd': 'high'}, 'Overshoot': 'high', 'Settling Time': 'low', 'Steady-state Error': 'low'}, 'Next_State': {'Parameters': {'Kp': 'moderate', 'Ki': 'moderate', 'Kd': 'high'}, 'Overshoot': 'high', 'Settling Time': 'low', 'Steady-state Error': 'moderate'}}",decrease Kp slightly so that the overshoot is reduced.,tuningLogA,,case1
claim2,tunerA,2024-12-19 10:15:31,"{'State': {'Parameters': {'Kp': 'low', 'Ki': 'low', 'Kd': 'low'}, 'Overshoot': 'moderate', 'Settling Time': 'low', 'Steady-state Error': 'low'}, 'Next_State': {'Parameters': {'Kp': 'low', 'Ki': 'low', 'Kd': 'low'}, 'Overshoot': 'moderate', 'Settling Time': 'low', 'Steady-state Error': 'low'}}",decrease Kp slightly so that the overshoot is reduced.,tuningLogA,,case2
claim3,tunerA,2024-12-19 10:38:43,"{'State': {'Parameters': {'Kp': 'low', 'Ki': 'low', 'Kd': 'low'}, 'Overshoot': 'low', 'Settling Time': 'low', 'Steady-state Error': 'moderate'}, 'Next_State': {'Parameters': {'Kp': 'low', 'Ki': 'low', 'Kd': 'low'}, 'Overshoot': 'low', 'Settling Time': 'moderate', 'Steady-state Error': 'low'}}",increase Kp slightly so that the settling time is reduced.,tuningLogA,,case3
claim4,tunerA,2024-12-19 10:40:38,"{'State': {'Parameters': {'Kp': 'low', 'Ki': 'low', 'Kd': 'low'}, 'Overshoot': 'low', 'Settling Time': 'moderate', 'Steady-state Error': 'moderate'}, 'Next_State': {'Parameters': {'Kp': 'low', 'Ki': 'low', 'Kd': 'low'}, 'Overshoot': 'low', 'Settling Time': 'high', 'Steady-state Error': 'moderate'}}",increase Kp moderately so that the settling time is reduced.,tuningLogA,,case4
claim5,tunerA,2024-12-19 10:41:45,"{'State': {'Parameters': {'Kp': 'low', 'Ki': 'low', 'Kd': 'low'}, 'Overshoot': 'low', 'Settling Time': 'moderate', 'Steady-state Error': 'moderate'}, 'Next_State': {'Parameters': {'Kp': 'low', 'Ki': 'low', 'Kd': 'low'}, 'Overshoot': 'low', 'Settling Time': 'high', 'Steady-state Error': 'moderate'}}",increase Kp moderately so that the settling time is reduced.,tuningLogA,,case4
claim6,tunerA,2024-12-19 10:43:55,"{'State': {'Parameters': {'Kp': 'low', 'Ki': 'low', 'Kd': 'low'}, 'Overshoot': 'low', 'Settling Time': 'moderate', 'Steady-state Error': 'low'}, 'Next_State': {'Parameters': {'Kp': 'moderate', 'Ki': 'low', 'Kd': 'low'}, 'Overshoot': 'low', 'Settling Time': 'moderate', 'Steady-state Error': 'low'}}",increase Kp moderately so that the settling time is reduced.,tuningLogA,,case4
claim7,tunerA,2024-12-19 10:45:19,"{'State': {'Parameters': {'Kp': 'moderate', 'Ki': 'low', 'Kd': 'low'}, 'Overshoot': 'low', 'Settling Time': 'moderate', 'Steady-state Error': 'low'}, 'Next_State': {'Parameters': {'Kp': 'low', 'Ki': 'low', 'Kd': 'low'}, 'Overshoot': 'low', 'Settling Time': 'high', 'Steady-state Error': 'low'}}",decrease Kp moderately so that the settling time is reduced.,tuningLogA,,case4
claim8,tunerA,2024-12-19 10:46:10,"{'State': {'Parameters': {'Kp': 'low', 'Ki': 'low', 'Kd': 'low'}, 'Overshoot': 'low', 'Settling Time': 'moderate', 'Steady-state Error': 'low'}, 'Next_State': {'Parameters': {'Kp': 'low', 'Ki': 'low', 'Kd': 'low'}, 'Overshoot': 'low', 'Settling Time': 'high', 'Steady-state Error': 'low'}}",decrease Kd slightly so that the settling time is reduced.,tuningLogA,,case4
claim9,tunerA,2024-12-19 10:46:56,"{'State': {'Parameters': {'Kp': 'low', 'Ki': 'low', 'Kd': 'low'}, 'Overshoot': 'low', 'Settling Time': 'moderate', 'Steady-state Error': 'low'}, 'Next_State': {'Parameters': {'Kp': 'low', 'Ki': 'low', 'Kd': 'low'}, 'Overshoot': 'low', 'Settling Time': 'moderate', 'Steady-state Error': 'low'}}",increase Ki slightly so that the settling time is reduced.,tuningLogA,,case4
claim10,tunerA,2024-12-19 10:48:50,"{'State': {'Parameters': {'Kp': 'moderate', 'Ki': 'low', 'Kd': 'low'}, 'Overshoot': 'low', 'Settling Time': 'high', 'Steady-state Error': 'low'}, 'Next_State': {'Parameters': {'Kp': 'moderate', 'Ki': 'low', 'Kd': 'low'}, 'Overshoot': 'low', 'Settling Time': 'high', 'Steady-state Error': 'low'}}",increase Ki slightly so that the steady-state error is reduced.,tuningLogA,,case5
claim11,tunerA,2024-12-19 10:49:26,"{'State': {'Parameters': {'Kp': 'moderate', 'Ki': 'low', 'Kd': 'low'}, 'Overshoot': 'low', 'Settling Time': 'moderate', 'Steady-state Error': 'low'}, 'Next_State': {'Parameters': {'Kp': 'moderate', 'Ki': 'low', 'Kd': 'low'}, 'Overshoot': 'moderate', 'Settling Time': 'moderate', 'Steady-state Error': 'low'}}",increase Ki slightly so that the steady-state error is reduced.,tuningLogA,,case5
claim12,tunerA,2024-12-19 10:50:14,"{'State': {'Parameters': {'Kp': 'moderate', 'Ki': 'low', 'Kd': 'low'}, 'Overshoot': 'moderate', 'Settling Time': 'low', 'Steady-state Error': 'moderate'}, 'Next_State': {'Parameters': {'Kp': 'moderate', 'Ki': 'moderate', 'Kd': 'low'}, 'Overshoot': 'moderate', 'Settling Time': 'low', 'Steady-state Error': 'moderate'}}",increase Ki slightly so that the steady-state error is reduced.,tuningLogA,,case5
claim13,tunerB,2024-11-15 14:38:02,"{'State': {'Parameters': {'Kp': 'moderate', 'Ki': 'low', 'Kd': 'low'}, 'Overshoot': 'low', 'Settling Time': 'high', 'Steady-state Error': 'moderate'}, 'Next_State': {'Parameters': {'Kp': 'moderate', 'Ki': 'low', 'Kd': 'low'}, 'Overshoot': 'moderate', 'Settling Time': 'moderate', 'Steady-state Error': 'moderate'}}",increase Ki moderately so that the steady-state error is reduced.,tuningLogB,,case1
claim14,tunerB,2024-11-15 14:39:43,"{'State': {'Parameters': {'Kp': 'moderate', 'Ki': 'low', 'Kd': 'high'}, 'Overshoot': 'low', 'Settling Time': 'moderate', 'Steady-state Error': 'low'}, 'Next_State': {'Parameters': {'Kp': 'moderate', 'Ki': 'low', 'Kd': 'high'}, 'Overshoot': 'low', 'Settling Time': 'moderate', 'Steady-state Error': 'moderate'}}",decrease Kp moderately so that the overshoot is reduced.,tuningLogB,,case1
claim15,tunerB,2024-11-15 14:41:21,"{'State': {'Parameters': {'Kp': 'low', 'Ki': 'moderate', 'Kd': 'high'}, 'Overshoot': 'low', 'Settling Time': 'moderate', 'Steady-state Error': 'moderate'}, 'Next_State': {'Parameters': {'Kp': 'low', 'Ki': 'moderate', 'Kd': 'high'}, 'Overshoot': 'low', 'Settling Time': 'moderate', 'Steady-state Error': 'moderate'}}",increase Ki slightly so that the settling time is reduced.,tuningLogB,,case1
claim16,tunerB,2024-11-15 14:44:24,"{'State': {'Parameters': {'Kp': 'low', 'Ki': 'low', 'Kd': 'low'}, 'Overshoot': 'moderate', 'Settling Time': 'high', 'Steady-state Error': 'low'}, 'Next_State': {'Parameters': {'Kp': 'low', 'Ki': 'low', 'Kd': 'low'}, 'Overshoot': 'moderate', 'Settling Time': 'moderate', 'Steady-state Error': 'low'}}",decrease Kp slightly so that the steady-state error is reduced.,tuningLogB,,case2
claim17,tunerB,2024-11-15 14:44:42,"{'State': {'Parameters': {'Kp': 'low', 'Ki': 'low', 'Kd': 'low'}, 'Overshoot': 'moderate', 'Settling Time': 'moderate', 'Steady-state Error': 'low'}, 'Next_State': {'Parameters': {'Kp': 'low', 'Ki': 'low', 'Kd': 'moderate'}, 'Overshoot': 'low', 'Settling Time': 'moderate', 'Steady-state Error': 'low'}}",increase Kd moderately so that the overshoot is reduced.,tuningLogB,,case2
claim18,tunerB,2024-11-15 14:46:34,"{'State': {'Parameters': {'Kp': 'low', 'Ki': 'low', 'Kd': 'moderate'}, 'Overshoot': 'low', 'Settling Time': 'moderate', 'Steady-state Error': 'moderate'}, 'Next_State': {'Parameters': {'Kp': 'low', 'Ki': 'low', 'Kd': 'moderate'}, 'Overshoot': 'low', 'Settling Time': 'moderate', 'Steady-state Error': 'low'}}",increase Ki slightly so that the settling time is reduced.,tuningLogB,,case2
claim19,tunerB,2024-11-15 14:46:52,"{'State': {'Parameters': {'Kp': 'low', 'Ki': 'low', 'Kd': 'moderate'}, 'Overshoot': 'low', 'Settling Time': 'low', 'Steady-state Error': 'low'}, 'Next_State': {'Parameters': {'Kp': 'low', 'Ki': 'low', 'Kd': 'moderate'}, 'Overshoot': 'low', 'Settling Time': 'moderate', 'Steady-state Error': 'moderate'}}",decrease Kp slightly so that the overshoot is reduced.,tuningLogB,,case2
claim20,tunerB,2024-11-15 14:52:27,"{'State': {'Parameters': {'Kp': 'low', 'Ki': 'moderate', 'Kd': 'moderate'}, 'Overshoot': 'low', 'Settling Time': 'moderate', 'Steady-state Error': 'moderate'}, 'Next_State': {'Parameters': {'Kp': 'moderate', 'Ki': 'moderate', 'Kd': 'moderate'}, 'Overshoot': 'low', 'Settling Time': 'high', 'Steady-state Error': 'moderate'}}",increase Kp slightly so that the overshoot is reduced.,tuningLogB,,case6
claim21,tunerB,2024-11-15 14:53:18,"{'State': {'Parameters': {'Kp': 'moderate', 'Ki': 'moderate', 'Kd': 'moderate'}, 'Overshoot': 'low', 'Settling Time': 'moderate', 'Steady-state Error': 'high'}, 'Next_State': {'Parameters': {'Kp': 'moderate', 'Ki': 'moderate', 'Kd': 'moderate'}, 'Overshoot': 'low', 'Settling Time': 'moderate', 'Steady-state Error': 'high'}}",increase Ki slightly so that the settling time is reduced.,tuningLogB,,case6
claim22,tunerB,2024-11-15 14:53:50,"{'State': {'Parameters': {'Kp': 'moderate', 'Ki': 'moderate', 'Kd': 'moderate'}, 'Overshoot': 'low', 'Settling Time': 'moderate', 'Steady-state Error': 'moderate'}, 'Next_State': {'Parameters': {'Kp': 'moderate', 'Ki': 'moderate', 'Kd': 'moderate'}, 'Overshoot': 'low', 'Settling Time': 'moderate', 'Steady-state Error': 'moderate'}}",increase Kp slightly so that the overshoot is reduced.,tuningLogB,,case6
claim23,tunerB,2024-11-15 14:56:19,"{'State': {'Parameters': {'Kp': 'low', 'Ki': 'low', 'Kd': 'moderate'}, 'Overshoot': 'low', 'Settling Time': 'moderate', 'Steady-state Error': 'moderate'}, 'Next_State': {'Parameters': {'Kp': 'low', 'Ki': 'moderate', 'Kd': 'moderate'}, 'Overshoot': 'low', 'Settling Time': 'moderate', 'Steady-state Error': 'moderate'}}",increase Ki slightly so that the settling time is reduced.,tuningLogB,,case7
claim24,tunerB,2024-11-15 14:56:53,"{'State': {'Parameters': {'Kp': 'low', 'Ki': 'moderate', 'Kd': 'moderate'}, 'Overshoot': 'low', 'Settling Time': 'moderate', 'Steady-state Error': 'moderate'}, 'Next_State': {'Parameters': {'Kp': 'low', 'Ki': 'moderate', 'Kd': 'moderate'}, 'Overshoot': 'low', 'Settling Time': 'moderate', 'Steady-state Error': 'low'}}",increase Kp moderately so that the overshoot is reduced.,tuningLogB,,case7
claim25,tunerB,2024-11-15 14:59:05,"{'State': {'Parameters': {'Kp': 'low', 'Ki': 'moderate', 'Kd': 'moderate'}, 'Overshoot': 'low', 'Settling Time': 'low', 'Steady-state Error': 'low'}, 'Next_State': {'Parameters': {'Kp': 'low', 'Ki': 'moderate', 'Kd': 'moderate'}, 'Overshoot': 'low', 'Settling Time': 'moderate', 'Steady-state Error': 'low'}}",decrease Ki slightly so that the overshoot is reduced.,tuningLogB,,case3
claim26,tunerB,2024-11-15 15:01:34,"{'State': {'Parameters': {'Kp': 'low', 'Ki': 'moderate', 'Kd': 'moderate'}, 'Overshoot': 'low', 'Settling Time': 'low', 'Steady-state Error': 'low'}, 'Next_State': {'Parameters': {'Kp': 'low', 'Ki': 'moderate', 'Kd': 'moderate'}, 'Overshoot': 'low', 'Settling Time': 'moderate', 'Steady-state Error': 'low'}}",increase Kp moderately so that the overshoot is reduced.,tuningLogB,,case3
claim27,tunerB,2024-11-15 15:02:03,"{'State': {'Parameters': {'Kp': 'low', 'Ki': 'moderate', 'Kd': 'moderate'}, 'Overshoot': 'low', 'Settling Time': 'low', 'Steady-state Error': 'low'}, 'Next_State': {'Parameters': {'Kp': 'low', 'Ki': 'moderate', 'Kd': 'moderate'}, 'Overshoot': 'low', 'Settling Time': 'moderate', 'Steady-state Error': 'low'}}",decrease Kp slightly so that the overshoot is reduced.,tuningLogB,,case3
claim28,tunerB,2024-11-15 15:03:45,"{'State': {'Parameters': {'Kp': 'moderate', 'Ki': 'low', 'Kd': 'moderate'}, 'Overshoot': 'low', 'Settling Time': 'moderate', 'Steady-state Error': 'low'}, 'Next_State': {'Parameters': {'Kp': 'low', 'Ki': 'low', 'Kd': 'moderate'}, 'Overshoot': 'low', 'Settling Time': 'high', 'Steady-state Error': 'moderate'}}",decrease Kp moderately so that the overshoot is reduced.,tuningLogB,,case4
claim29,tunerB,2024-11-15 15:04:15,"{'State': {'Parameters': {'Kp': 'low', 'Ki': 'low', 'Kd': 'moderate'}, 'Overshoot': 'low', 'Settling Time': 'moderate', 'Steady-state Error': 'moderate'}, 'Next_State': {'Parameters': {'Kp': 'low', 'Ki': 'moderate', 'Kd': 'moderate'}, 'Overshoot': 'low', 'Settling Time': 'moderate', 'Steady-state Error': 'moderate'}}",increase Ki slightly so that the settling time is reduced.,tuningLogB,,case4
claim30,tunerB,2024-11-15 15:06:48,"{'State': {'Parameters': {'Kp': 'low', 'Ki': 'moderate', 'Kd': 'high'}, 'Overshoot': 'low', 'Settling Time': 'moderate', 'Steady-state Error': 'low'}, 'Next_State': {'Parameters': {'Kp': 'moderate', 'Ki': 'moderate', 'Kd': 'high'}, 'Overshoot': 'low', 'Settling Time': 'moderate', 'Steady-state Error': 'moderate'}}",increase Kp moderately so that the overshoot is reduced.,tuningLogB,,case5
claim31,tunerB,2024-11-15 15:07:12,"{'State': {'Parameters': {'Kp': 'moderate', 'Ki': 'moderate', 'Kd': 'high'}, 'Overshoot': 'low', 'Settling Time': 'moderate', 'Steady-state Error': 'moderate'}, 'Next_State': {'Parameters': {'Kp': 'moderate', 'Ki': 'moderate', 'Kd': 'high'}, 'Overshoot': 'low', 'Settling Time': 'moderate', 'Steady-state Error': 'moderate'}}",increase Ki slightly so that the settling time is reduced.,tuningLogB,,case5
claim32,tunerC,2024-12-18 14:16:15,"{'State': {'Parameters': {'Kp': 'moderate', 'Ki': 'low', 'Kd': 'low'}, 'Overshoot': 'low', 'Settling Time': 'moderate', 'Steady-state Error': 'moderate'}, 'Next_State': {'Parameters': {'Kp': 'moderate', 'Ki': 'low', 'Kd': 'low'}, 'Overshoot': 'low', 'Settling Time': 'moderate', 'Steady-state Error': 'moderate'}}",increase Ki slightly so that the steady-state error is reduced.,tuningLogC,,case1
claim33,tunerC,2024-12-18 14:21:04,"{'State': {'Parameters': {'Kp': 'low', 'Ki': 'low', 'Kd': 'low'}, 'Overshoot': 'low', 'Settling Time': 'high', 'Steady-state Error': 'moderate'}, 'Next_State': {'Parameters': {'Kp': 'low', 'Ki': 'low', 'Kd': 'low'}, 'Overshoot': 'moderate', 'Settling Time': 'moderate', 'Steady-state Error': 'low'}}",increase Ki slightly so that the steady-state error is reduced.,tuningLogC,,case2
claim34,tunerC,2024-12-18 14:21:49,"{'State': {'Parameters': {'Kp': 'low', 'Ki': 'low', 'Kd': 'low'}, 'Overshoot': 'moderate', 'Settling Time': 'moderate', 'Steady-state Error': 'low'}, 'Next_State': {'Parameters': {'Kp': 'low', 'Ki': 'low', 'Kd': 'low'}, 'Overshoot': 'moderate', 'Settling Time': 'moderate', 'Steady-state Error': 'low'}}",decrease Kp slightly so that the overshoot is reduced.,tuningLogC,,case2
claim35,tunerC,2024-12-18 14:31:14,"{'State': {'Parameters': {'Kp': 'moderate', 'Ki': 'low', 'Kd': 'low'}, 'Overshoot': 'low', 'Settling Time': 'moderate', 'Steady-state Error': 'moderate'}, 'Next_State': {'Parameters': {'Kp': 'moderate', 'Ki': 'low', 'Kd': 'low'}, 'Overshoot': 'low', 'Settling Time': 'moderate', 'Steady-state Error': 'low'}}",increase Ki slightly so that the settling time is reduced.,tuningLogC,,case8
claim36,tunerC,2024-12-18 14:31:48,"{'State': {'Parameters': {'Kp': 'moderate', 'Ki': 'low', 'Kd': 'low'}, 'Overshoot': 'low', 'Settling Time': 'moderate', 'Steady-state Error': 'low'}, 'Next_State': {'Parameters': {'Kp': 'moderate', 'Ki': 'moderate', 'Kd': 'low'}, 'Overshoot': 'low', 'Settling Time': 'moderate', 'Steady-state Error': 'moderate'}}",increase Ki slightly so that the settling time is reduced.,tuningLogC,,case8
claim37,tunerC,2024-12-18 14:32:26,"{'State': {'Parameters': {'Kp': 'moderate', 'Ki': 'moderate', 'Kd': 'low'}, 'Overshoot': 'low', 'Settling Time': 'low', 'Steady-state Error': 'low'}, 'Next_State': {'Parameters': {'Kp': 'moderate', 'Ki': 'moderate', 'Kd': 'low'}, 'Overshoot': 'low', 'Settling Time': 'moderate', 'Steady-state Error': 'low'}}",increase Kp slightly so that the settling time is reduced.,tuningLogC,,case8
claim38,tunerC,2024-12-18 14:33:09,"{'State': {'Parameters': {'Kp': 'moderate', 'Ki': 'moderate', 'Kd': 'low'}, 'Overshoot': 'low', 'Settling Time': 'low', 'Steady-state Error': 'moderate'}, 'Next_State': {'Parameters': {'Kp': 'moderate', 'Ki': 'moderate', 'Kd': 'low'}, 'Overshoot': 'moderate', 'Settling Time': 'moderate', 'Steady-state Error': 'moderate'}}",increase Kp slightly so that the settling time is reduced.,tuningLogC,,case8
claim39,tunerC,2024-12-18 14:38:21,"{'State': {'Parameters': {'Kp': 'moderate', 'Ki': 'low', 'Kd': 'low'}, 'Overshoot': 'low', 'Settling Time': 'high', 'Steady-state Error': 'low'}, 'Next_State': {'Parameters': {'Kp': 'moderate', 'Ki': 'low', 'Kd': 'low'}, 'Overshoot': 'low', 'Settling Time': 'high', 'Steady-state Error': 'moderate'}}",increase Ki slightly so that the steady-state error is reduced.,tuningLogC,,case6
claim40,tunerC,2024-12-18 14:47:04,"{'State': {'Parameters': {'Kp': 'low', 'Ki': 'low', 'Kd': 'low'}, 'Overshoot': 'low', 'Settling Time': 'high', 'Steady-state Error': 'low'}, 'Next_State': {'Parameters': {'Kp': 'low', 'Ki': 'low', 'Kd': 'low'}, 'Overshoot': 'low', 'Settling Time': 'high', 'Steady-state Error': 'low'}}",increase Ki slightly so that the steady-state error is reduced.,tuningLogC,,case7
claim41,tunerC,2024-12-18 14:55:44,"{'State': {'Parameters': {'Kp': 'low', 'Ki': 'low', 'Kd': 'moderate'}, 'Overshoot': 'low', 'Settling Time': 'moderate', 'Steady-state Error': 'moderate'}, 'Next_State': {'Parameters': {'Kp': 'low', 'Ki': 'low', 'Kd': 'moderate'}, 'Overshoot': 'low', 'Settling Time': 'moderate', 'Steady-state Error': 'low'}}",increase Ki slightly so that the settling time is reduced.,tuningLogC,,case3
claim42,tunerC,2024-12-18 15:00:55,"{'State': {'Parameters': {'Kp': 'low', 'Ki': 'moderate', 'Kd': 'low'}, 'Overshoot': 'low', 'Settling Time': 'moderate', 'Steady-state Error': 'high'}, 'Next_State': {'Parameters': {'Kp': 'moderate', 'Ki': 'moderate', 'Kd': 'low'}, 'Overshoot': 'low', 'Settling Time': 'moderate', 'Steady-state Error': 'moderate'}}",increase Kp moderately so that the settling time is reduced.,tuningLogC,,case5
claim43,tunerD,2024-12-18 15:21:29,"{'State': {'Parameters': {'Kp': 'low', 'Ki': 'low', 'Kd': 'low'}, 'Overshoot': 'moderate', 'Settling Time': 'low', 'Steady-state Error': 'moderate'}, 'Next_State': {'Parameters': {'Kp': 'low', 'Ki': 'moderate', 'Kd': 'low'}, 'Overshoot': 'moderate', 'Settling Time': 'moderate', 'Steady-state Error': 'low'}}",increase Ki slightly so that the settling time is reduced.,tuningLogD,,case2
claim44,tunerD,2024-12-18 15:22:17,"{'State': {'Parameters': {'Kp': 'low', 'Ki': 'moderate', 'Kd': 'low'}, 'Overshoot': 'moderate', 'Settling Time': 'low', 'Steady-state Error': 'low'}, 'Next_State': {'Parameters': {'Kp': 'low', 'Ki': 'moderate', 'Kd': 'moderate'}, 'Overshoot': 'moderate', 'Settling Time': 'moderate', 'Steady-state Error': 'low'}}",increase Kd slightly so that the overshoot is reduced.,tuningLogD,,case2
claim45,tunerD,2024-12-18 15:22:38,"{'State': {'Parameters': {'Kp': 'low', 'Ki': 'moderate', 'Kd': 'moderate'}, 'Overshoot': 'low', 'Settling Time': 'low', 'Steady-state Error': 'low'}, 'Next_State': {'Parameters': {'Kp': 'low', 'Ki': 'moderate', 'Kd': 'moderate'}, 'Overshoot': 'low', 'Settling Time': 'moderate', 'Steady-state Error': 'moderate'}}",increase Kd slightly so that the overshoot is reduced.,tuningLogD,,case2
claim46,tunerD,2024-12-18 15:24:16,"{'State': {'Parameters': {'Kp': 'low', 'Ki': 'low', 'Kd': 'moderate'}, 'Overshoot': 'low', 'Settling Time': 'moderate', 'Steady-state Error': 'low'}, 'Next_State': {'Parameters': {'Kp': 'low', 'Ki': 'low', 'Kd': 'moderate'}, 'Overshoot': 'low', 'Settling Time': 'moderate', 'Steady-state Error': 'moderate'}}",increase Kp slightly so that the settling time is reduced.,tuningLogD,,case2
claim47,tunerD,2024-12-18 15:26:18,"{'State': {'Parameters': {'Kp': 'low', 'Ki': 'low', 'Kd': 'moderate'}, 'Overshoot': 'low', 'Settling Time': 'moderate', 'Steady-state Error': 'high'}, 'Next_State': {'Parameters': {'Kp': 'low', 'Ki': 'low', 'Kd': 'moderate'}, 'Overshoot': 'low', 'Settling Time': 'moderate', 'Steady-state Error': 'moderate'}}",increase Kp moderately so that the settling time is reduced.,tuningLogD,,case8
claim48,tunerD,2024-12-18 15:27:03,"{'State': {'Parameters': {'Kp': 'low', 'Ki': 'low', 'Kd': 'moderate'}, 'Overshoot': 'low', 'Settling Time': 'moderate', 'Steady-state Error': 'moderate'}, 'Next_State': {'Parameters': {'Kp': 'low', 'Ki': 'low', 'Kd': 'moderate'}, 'Overshoot': 'low', 'Settling Time': 'moderate', 'Steady-state Error': 'moderate'}}",increase Ki slightly so that the settling time is reduced.,tuningLogD,,case8
claim49,tunerD,2024-12-18 15:29:19,"{'State': {'Parameters': {'Kp': 'moderate', 'Ki': 'low', 'Kd': 'low'}, 'Overshoot': 'low', 'Settling Time': 'moderate', 'Steady-state Error': 'high'}, 'Next_State': {'Parameters': {'Kp': 'moderate', 'Ki': 'low', 'Kd': 'low'}, 'Overshoot': 'low', 'Settling Time': 'high', 'Steady-state Error': 'moderate'}}",increase Kp slightly so that the settling time is reduced.,tuningLogD,,case6
claim50,tunerD,2024-12-18 15:29:42,"{'State': {'Parameters': {'Kp': 'moderate', 'Ki': 'low', 'Kd': 'low'}, 'Overshoot': 'low', 'Settling Time': 'moderate', 'Steady-state Error': 'high'}, 'Next_State': {'Parameters': {'Kp': 'moderate', 'Ki': 'low', 'Kd': 'low'}, 'Overshoot': 'low', 'Settling Time': 'moderate', 'Steady-state Error': 'moderate'}}",increase Kp moderately so that the settling time is reduced.,tuningLogD,,case6
claim51,tunerD,2024-12-18 15:30:18,"{'State': {'Parameters': {'Kp': 'moderate', 'Ki': 'low', 'Kd': 'moderate'}, 'Overshoot': 'low', 'Settling Time': 'moderate', 'Steady-state Error': 'moderate'}, 'Next_State': {'Parameters': {'Kp': 'moderate', 'Ki': 'moderate', 'Kd': 'moderate'}, 'Overshoot': 'low', 'Settling Time': 'moderate', 'Steady-state Error': 'moderate'}}",increase Ki slightly so that the settling time is reduced.,tuningLogD,,case6
claim52,tunerD,2024-12-18 15:31:36,"{'State': {'Parameters': {'Kp': 'moderate', 'Ki': 'moderate', 'Kd': 'high'}, 'Overshoot': 'low', 'Settling Time': 'moderate', 'Steady-state Error': 'moderate'}, 'Next_State': {'Parameters': {'Kp': 'moderate', 'Ki': 'moderate', 'Kd': 'high'}, 'Overshoot': 'low', 'Settling Time': 'moderate', 'Steady-state Error': 'low'}}",increase Ki slightly so that the settling time is reduced.,tuningLogD,,case6
claim53,tunerD,2024-12-18 15:32:25,"{'State': {'Parameters': {'Kp': 'moderate', 'Ki': 'moderate', 'Kd': 'high'}, 'Overshoot': 'low', 'Settling Time': 'moderate', 'Steady-state Error': 'high'}, 'Next_State': {'Parameters': {'Kp': 'moderate', 'Ki': 'moderate', 'Kd': 'high'}, 'Overshoot': 'low', 'Settling Time': 'moderate', 'Steady-state Error': 'moderate'}}",increase Ki slightly so that the settling time is reduced.,tuningLogD,,case6
claim54,tunerD,2024-12-18 15:32:51,"{'State': {'Parameters': {'Kp': 'moderate', 'Ki': 'moderate', 'Kd': 'high'}, 'Overshoot': 'low', 'Settling Time': 'moderate', 'Steady-state Error': 'moderate'}, 'Next_State': {'Parameters': {'Kp': 'moderate', 'Ki': 'moderate', 'Kd': 'high'}, 'Overshoot': 'low', 'Settling Time': 'moderate', 'Steady-state Error': 'moderate'}}",increase Ki slightly so that the settling time is reduced.,tuningLogD,,case6
claim55,tunerD,2024-12-18 15:38:06,"{'State': {'Parameters': {'Kp': 'low', 'Ki': 'moderate', 'Kd': 'moderate'}, 'Overshoot': 'low', 'Settling Time': 'low', 'Steady-state Error': 'low'}, 'Next_State': {'Parameters': {'Kp': 'low', 'Ki': 'moderate', 'Kd': 'high'}, 'Overshoot': 'low', 'Settling Time': 'moderate', 'Steady-state Error': 'low'}}",increase Kd slightly so that the overshoot is reduced.,tuningLogD,,case3
claim56,tunerD,2024-12-18 15:38:17,"{'State': {'Parameters': {'Kp': 'low', 'Ki': 'moderate', 'Kd': 'high'}, 'Overshoot': 'low', 'Settling Time': 'low', 'Steady-state Error': 'low'}, 'Next_State': {'Parameters': {'Kp': 'low', 'Ki': 'moderate', 'Kd': 'high'}, 'Overshoot': 'low', 'Settling Time': 'moderate', 'Steady-state Error': 'low'}}",increase Kd slightly so that the overshoot is reduced.,tuningLogD,,case3
claim57,tunerD,2024-12-18 15:43:04,"{'State': {'Parameters': {'Kp': 'moderate', 'Ki': 'moderate', 'Kd': 'low'}, 'Overshoot': 'low', 'Settling Time': 'moderate', 'Steady-state Error': 'moderate'}, 'Next_State': {'Parameters': {'Kp': 'moderate', 'Ki': 'moderate', 'Kd': 'low'}, 'Overshoot': 'moderate', 'Settling Time': 'moderate', 'Steady-state Error': 'low'}}",increase Ki slightly so that the steady-state error is reduced.,tuningLogD,,case5
claim58,tunerD,2024-12-18 15:43:40,"{'State': {'Parameters': {'Kp': 'moderate', 'Ki': 'moderate', 'Kd': 'high'}, 'Overshoot': 'low', 'Settling Time': 'moderate', 'Steady-state Error': 'moderate'}, 'Next_State': {'Parameters': {'Kp': 'moderate', 'Ki': 'moderate', 'Kd': 'high'}, 'Overshoot': 'low', 'Settling Time': 'moderate', 'Steady-state Error': 'moderate'}}",increase Ki slightly so that the settling time is reduced.,tuningLogD,,case5
claim59,tunerE,2024-11-15 10:33:21,"{'State': {'Parameters': {'Kp': 'low', 'Ki': 'low', 'Kd': 'low'}, 'Overshoot': 'low', 'Settling Time': 'moderate', 'Steady-state Error': 'moderate'}, 'Next_State': {'Parameters': {'Kp': 'moderate', 'Ki': 'moderate', 'Kd': 'low'}, 'Overshoot': 'moderate', 'Settling Time': 'moderate', 'Steady-state Error': 'moderate'}}",increase Kp moderately so that the settling time is reduced.,tuningLogE,,case1
claim60,tunerE,2024-11-15 10:35:37,"{'State': {'Parameters': {'Kp': 'low', 'Ki': 'moderate', 'Kd': 'low'}, 'Overshoot': 'moderate', 'Settling Time': 'low', 'Steady-state Error': 'moderate'}, 'Next_State': {'Parameters': {'Kp': 'low', 'Ki': 'moderate', 'Kd': 'low'}, 'Overshoot': 'moderate', 'Settling Time': 'moderate', 'Steady-state Error': 'moderate'}}",increase Kd slightly so that the overshoot is reduced.,tuningLogE,,case1
claim61,tunerE,2024-11-15 10:36:18,"{'State': {'Parameters': {'Kp': 'low', 'Ki': 'moderate', 'Kd': 'low'}, 'Overshoot': 'moderate', 'Settling Time': 'low', 'Steady-state Error': 'low'}, 'Next_State': {'Parameters': {'Kp': 'low', 'Ki': 'moderate', 'Kd': 'low'}, 'Overshoot': 'low', 'Settling Time': 'moderate', 'Steady-state Error': 'low'}}",increase Kd slightly so that the overshoot is reduced.,tuningLogE,,case1
claim62,tunerE,2024-11-15 10:37:11,"{'State': {'Parameters': {'Kp': 'low', 'Ki': 'moderate', 'Kd': 'low'}, 'Overshoot': 'low', 'Settling Time': 'low', 'Steady-state Error': 'moderate'}, 'Next_State': {'Parameters': {'Kp': 'low', 'Ki': 'moderate', 'Kd': 'low'}, 'Overshoot': 'low', 'Settling Time': 'moderate', 'Steady-state Error': 'low'}}",increase Kd slightly so that the overshoot is reduced.,tuningLogE,,case1
claim63,tunerE,2024-11-15 10:37:23,"{'State': {'Parameters': {'Kp': 'low', 'Ki': 'moderate', 'Kd': 'low'}, 'Overshoot': 'low', 'Settling Time': 'low', 'Steady-state Error': 'low'}, 'Next_State': {'Parameters': {'Kp': 'low', 'Ki': 'moderate', 'Kd': 'low'}, 'Overshoot': 'low', 'Settling Time': 'moderate', 'Steady-state Error': 'moderate'}}",increase Kd slightly so that the overshoot is reduced.,tuningLogE,,case1
claim64,tunerE,2024-11-15 10:43:13,"{'State': {'Parameters': {'Kp': 'low', 'Ki': 'low', 'Kd': 'low'}, 'Overshoot': 'moderate', 'Settling Time': 'moderate', 'Steady-state Error': 'low'}, 'Next_State': {'Parameters': {'Kp': 'low', 'Ki': 'low', 'Kd': 'low'}, 'Overshoot': 'low', 'Settling Time': 'moderate', 'Steady-state Error': 'low'}}",decrease Kp slightly so that the settling time is reduced.,tuningLogE,,case2
claim65,tunerE,2024-11-15 10:44:15,"{'State': {'Parameters': {'Kp': 'low', 'Ki': 'low', 'Kd': 'low'}, 'Overshoot': 'low', 'Settling Time': 'moderate', 'Steady-state Error': 'moderate'}, 'Next_State': {'Parameters': {'Kp': 'low', 'Ki': 'low', 'Kd': 'low'}, 'Overshoot': 'moderate', 'Settling Time': 'moderate', 'Steady-state Error': 'low'}}",increase Ki slightly so that the settling time is reduced.,tuningLogE,,case2
claim66,tunerE,2024-11-15 10:45:14,"{'State': {'Parameters': {'Kp': 'low', 'Ki': 'low', 'Kd': 'low'}, 'Overshoot': 'moderate', 'Settling Time': 'low', 'Steady-state Error': 'low'}, 'Next_State': {'Parameters': {'Kp': 'low', 'Ki': 'low', 'Kd': 'low'}, 'Overshoot': 'moderate', 'Settling Time': 'moderate', 'Steady-state Error': 'low'}}",increase Ki slightly so that the settling time is reduced.,tuningLogE,,case2
claim67,tunerE,2024-11-15 10:46:29,"{'State': {'Parameters': {'Kp': 'low', 'Ki': 'low', 'Kd': 'low'}, 'Overshoot': 'low', 'Settling Time': 'moderate', 'Steady-state Error': 'moderate'}, 'Next_State': {'Parameters': {'Kp': 'low', 'Ki': 'moderate', 'Kd': 'low'}, 'Overshoot': 'moderate', 'Settling Time': 'moderate', 'Steady-state Error': 'moderate'}}",increase Ki moderately so that the settling time is reduced.,tuningLogE,,case8
claim68,tunerE,2024-11-15 10:47:02,"{'State': {'Parameters': {'Kp': 'low', 'Ki': 'moderate', 'Kd': 'low'}, 'Overshoot': 'moderate', 'Settling Time': 'low', 'Steady-state Error': 'moderate'}, 'Next_State': {'Parameters': {'Kp': 'moderate', 'Ki': 'moderate', 'Kd': 'low'}, 'Overshoot': 'moderate', 'Settling Time': 'moderate', 'Steady-state Error': 'low'}}",increase Kp slightly so that the settling time is reduced.,tuningLogE,,case8
claim69,tunerE,2024-11-15 10:47:27,"{'State': {'Parameters': {'Kp': 'moderate', 'Ki': 'moderate', 'Kd': 'low'}, 'Overshoot': 'moderate', 'Settling Time': 'low', 'Steady-state Error': 'low'}, 'Next_State': {'Parameters': {'Kp': 'moderate', 'Ki': 'moderate', 'Kd': 'low'}, 'Overshoot': 'moderate', 'Settling Time': 'moderate', 'Steady-state Error': 'low'}}",increase Kd slightly so that the overshoot is reduced.,tuningLogE,,case8
claim70,tunerE,2024-11-15 10:48:04,"{'State': {'Parameters': {'Kp': 'moderate', 'Ki': 'moderate', 'Kd': 'low'}, 'Overshoot': 'moderate', 'Settling Time': 'low', 'Steady-state Error': 'moderate'}, 'Next_State': {'Parameters': {'Kp': 'moderate', 'Ki': 'moderate', 'Kd': 'low'}, 'Overshoot': 'moderate', 'Settling Time': 'moderate', 'Steady-state Error': 'low'}}",increase Kd slightly so that the overshoot is reduced.,tuningLogE,,case8
claim71,tunerE,2024-11-15 10:48:27,"{'State': {'Parameters': {'Kp': 'moderate', 'Ki': 'moderate', 'Kd': 'low'}, 'Overshoot': 'moderate', 'Settling Time': 'low', 'Steady-state Error': 'low'}, 'Next_State': {'Parameters': {'Kp': 'moderate', 'Ki': 'moderate', 'Kd': 'low'}, 'Overshoot': 'moderate', 'Settling Time': 'moderate', 'Steady-state Error': 'moderate'}}",decrease Ki slightly so that the overshoot is reduced.,tuningLogE,,case8
claim72,tunerE,2024-11-15 10:49:09,"{'State': {'Parameters': {'Kp': 'moderate', 'Ki': 'moderate', 'Kd': 'low'}, 'Overshoot': 'low', 'Settling Time': 'low', 'Steady-state Error': 'low'}, 'Next_State': {'Parameters': {'Kp': 'moderate', 'Ki': 'moderate', 'Kd': 'low'}, 'Overshoot': 'low', 'Settling Time': 'moderate', 'Steady-state Error': 'moderate'}}",decrease Ki slightly so that the overshoot is reduced.,tuningLogE,,case8
claim73,tunerE,2024-11-15 10:49:56,"{'State': {'Parameters': {'Kp': 'moderate', 'Ki': 'moderate', 'Kd': 'low'}, 'Overshoot': 'low', 'Settling Time': 'low', 'Steady-state Error': 'low'}, 'Next_State': {'Parameters': {'Kp': 'moderate', 'Ki': 'moderate', 'Kd': 'low'}, 'Overshoot': 'low', 'Settling Time': 'moderate', 'Steady-state Error': 'low'}}",decrease Ki slightly so that the overshoot is reduced.,tuningLogE,,case8
claim74,tunerE,2024-11-15 10:50:22,"{'State': {'Parameters': {'Kp': 'moderate', 'Ki': 'moderate', 'Kd': 'low'}, 'Overshoot': 'low', 'Settling Time': 'low', 'Steady-state Error': 'moderate'}, 'Next_State': {'Parameters': {'Kp': 'moderate', 'Ki': 'moderate', 'Kd': 'low'}, 'Overshoot': 'low', 'Settling Time': 'moderate', 'Steady-state Error': 'moderate'}}",increase Ki slightly so that the overshoot is reduced.,tuningLogE,,case8
claim75,tunerE,2024-11-15 10:54:51,"{'State': {'Parameters': {'Kp': 'low', 'Ki': 'moderate', 'Kd': 'low'}, 'Overshoot': 'low', 'Settling Time': 'moderate', 'Steady-state Error': 'moderate'}, 'Next_State': {'Parameters': {'Kp': 'low', 'Ki': 'moderate', 'Kd': 'low'}, 'Overshoot': 'low', 'Settling Time': 'moderate', 'Steady-state Error': 'moderate'}}",increase Kp moderately so that the settling time is reduced.,tuningLogE,,case6
claim76,tunerE,2024-11-15 10:55:39,"{'State': {'Parameters': {'Kp': 'moderate', 'Ki': 'moderate', 'Kd': 'low'}, 'Overshoot': 'low', 'Settling Time': 'moderate', 'Steady-state Error': 'moderate'}, 'Next_State': {'Parameters': {'Kp': 'high', 'Ki': 'moderate', 'Kd': 'low'}, 'Overshoot': 'low', 'Settling Time': 'moderate', 'Steady-state Error': 'moderate'}}",increase Kp moderately so that the settling time is reduced.,tuningLogE,,case6
claim77,tunerE,2024-11-15 10:57:57,"{'State': {'Parameters': {'Kp': 'moderate', 'Ki': 'moderate', 'Kd': 'low'}, 'Overshoot': 'low', 'Settling Time': 'moderate', 'Steady-state Error': 'low'}, 'Next_State': {'Parameters': {'Kp': 'moderate', 'Ki': 'moderate', 'Kd': 'low'}, 'Overshoot': 'low', 'Settling Time': 'moderate', 'Steady-state Error': 'moderate'}}",increase Ki slightly so that the settling time is reduced.,tuningLogE,,case6
claim78,tunerE,2024-11-15 10:59:12,"{'State': {'Parameters': {'Kp': 'low', 'Ki': 'moderate', 'Kd': 'low'}, 'Overshoot': 'moderate', 'Settling Time': 'low', 'Steady-state Error': 'moderate'}, 'Next_State': {'Parameters': {'Kp': 'moderate', 'Ki': 'moderate', 'Kd': 'low'}, 'Overshoot': 'moderate', 'Settling Time': 'moderate', 'Steady-state Error': 'low'}}",increase Kp moderately so that the settling time is reduced.,tuningLogE,,case7
claim79,tunerE,2024-11-15 11:00:18,"{'State': {'Parameters': {'Kp': 'moderate', 'Ki': 'moderate', 'Kd': 'low'}, 'Overshoot': 'moderate', 'Settling Time': 'low', 'Steady-state Error': 'low'}, 'Next_State': {'Parameters': {'Kp': 'moderate', 'Ki': 'moderate', 'Kd': 'low'}, 'Overshoot': 'moderate', 'Settling Time': 'moderate', 'Steady-state Error': 'moderate'}}",increase Kd slightly so that the overshoot is reduced.,tuningLogE,,case7
claim80,tunerE,2024-11-15 11:00:49,"{'State': {'Parameters': {'Kp': 'moderate', 'Ki': 'moderate', 'Kd': 'low'}, 'Overshoot': 'moderate', 'Settling Time': 'low', 'Steady-state Error': 'low'}, 'Next_State': {'Parameters': {'Kp': 'moderate', 'Ki': 'moderate', 'Kd': 'low'}, 'Overshoot': 'moderate', 'Settling Time': 'moderate', 'Steady-state Error': 'moderate'}}",decrease Ki slightly so that the overshoot is reduced.,tuningLogE,,case7
claim81,tunerE,2024-11-15 11:02:04,"{'State': {'Parameters': {'Kp': 'low', 'Ki': 'moderate', 'Kd': 'low'}, 'Overshoot': 'moderate', 'Settling Time': 'low', 'Steady-state Error': 'low'}, 'Next_State': {'Parameters': {'Kp': 'low', 'Ki': 'low', 'Kd': 'low'}, 'Overshoot': 'moderate', 'Settling Time': 'moderate', 'Steady-state Error': 'low'}}",decrease Ki moderately so that the overshoot is reduced.,tuningLogE,,case3
claim82,tunerE,2024-11-15 11:04:03,"{'State': {'Parameters': {'Kp': 'low', 'Ki': 'low', 'Kd': 'low'}, 'Overshoot': 'moderate', 'Settling Time': 'low', 'Steady-state Error': 'low'}, 'Next_State': {'Parameters': {'Kp': 'low', 'Ki': 'low', 'Kd': 'low'}, 'Overshoot': 'moderate', 'Settling Time': 'moderate', 'Steady-state Error': 'moderate'}}",increase Kd slightly so that the overshoot is reduced.,tuningLogE,,case3
claim83,tunerE,2024-11-15 11:04:23,"{'State': {'Parameters': {'Kp': 'low', 'Ki': 'low', 'Kd': 'low'}, 'Overshoot': 'moderate', 'Settling Time': 'low', 'Steady-state Error': 'low'}, 'Next_State': {'Parameters': {'Kp': 'low', 'Ki': 'low', 'Kd': 'low'}, 'Overshoot': 'moderate', 'Settling Time': 'moderate', 'Steady-state Error': 'low'}}",increase Kd slightly so that the overshoot is reduced.,tuningLogE,,case3
claim84,tunerE,2024-11-15 11:04:38,"{'State': {'Parameters': {'Kp': 'low', 'Ki': 'low', 'Kd': 'low'}, 'Overshoot': 'low', 'Settling Time': 'low', 'Steady-state Error': 'low'}, 'Next_State': {'Parameters': {'Kp': 'low', 'Ki': 'low', 'Kd': 'low'}, 'Overshoot': 'low', 'Settling Time': 'moderate', 'Steady-state Error': 'moderate'}}",increase Kd slightly so that the overshoot is reduced.,tuningLogE,,case3
claim85,tunerE,2024-11-15 11:05:01,"{'State': {'Parameters': {'Kp': 'low', 'Ki': 'low', 'Kd': 'low'}, 'Overshoot': 'low', 'Settling Time': 'low', 'Steady-state Error': 'moderate'}, 'Next_State': {'Parameters': {'Kp': 'low', 'Ki': 'low', 'Kd': 'low'}, 'Overshoot': 'low', 'Settling Time': 'moderate', 'Steady-state Error': 'low'}}",increase Kd slightly so that the overshoot is reduced.,tuningLogE,,case3
claim86,tunerE,2024-11-15 11:05:23,"{'State': {'Parameters': {'Kp': 'low', 'Ki': 'low', 'Kd': 'low'}, 'Overshoot': 'low', 'Settling Time': 'low', 'Steady-state Error': 'low'}, 'Next_State': {'Parameters': {'Kp': 'low', 'Ki': 'low', 'Kd': 'low'}, 'Overshoot': 'low', 'Settling Time': 'moderate', 'Steady-state Error': 'moderate'}}",increase Kd slightly so that the overshoot is reduced.,tuningLogE,,case3
claim87,tunerE,2024-11-15 11:06:43,"{'State': {'Parameters': {'Kp': 'low', 'Ki': 'low', 'Kd': 'low'}, 'Overshoot': 'low', 'Settling Time': 'low', 'Steady-state Error': 'low'}, 'Next_State': {'Parameters': {'Kp': 'low', 'Ki': 'low', 'Kd': 'moderate'}, 'Overshoot': 'low', 'Settling Time': 'moderate', 'Steady-state Error': 'low'}}",increase Kd slightly so that the overshoot is reduced.,tuningLogE,,case3
claim88,tunerE,2024-11-15 11:09:09,"{'State': {'Parameters': {'Kp': 'low', 'Ki': 'moderate', 'Kd': 'low'}, 'Overshoot': 'moderate', 'Settling Time': 'low', 'Steady-state Error': 'low'}, 'Next_State': {'Parameters': {'Kp': 'low', 'Ki': 'moderate', 'Kd': 'low'}, 'Overshoot': 'moderate', 'Settling Time': 'moderate', 'Steady-state Error': 'low'}}",increase Kd slightly so that the overshoot is reduced.,tuningLogE,,case4
claim89,tunerE,2024-11-15 11:10:53,"{'State': {'Parameters': {'Kp': 'low', 'Ki': 'moderate', 'Kd': 'moderate'}, 'Overshoot': 'low', 'Settling Time': 'low', 'Steady-state Error': 'low'}, 'Next_State': {'Parameters': {'Kp': 'low', 'Ki': 'high', 'Kd': 'moderate'}, 'Overshoot': 'low', 'Settling Time': 'moderate', 'Steady-state Error': 'low'}}",increase Ki moderately so that the settling time is reduced.,tuningLogE,,case4
claim90,tunerE,2024-11-15 11:11:14,"{'State': {'Parameters': {'Kp': 'low', 'Ki': 'high', 'Kd': 'moderate'}, 'Overshoot': 'low', 'Settling Time': 'low', 'Steady-state Error': 'low'}, 'Next_State': {'Parameters': {'Kp': 'moderate', 'Ki': 'high', 'Kd': 'moderate'}, 'Overshoot': 'moderate', 'Settling Time': 'moderate', 'Steady-state Error': 'moderate'}}",increase Kp moderately so that the steady-state error is reduced.,tuningLogE,,case4
claim91,tunerE,2024-11-15 11:12:22,"{'State': {'Parameters': {'Kp': 'low', 'Ki': 'moderate', 'Kd': 'low'}, 'Overshoot': 'low', 'Settling Time': 'moderate', 'Steady-state Error': 'moderate'}, 'Next_State': {'Parameters': {'Kp': 'moderate', 'Ki': 'high', 'Kd': 'low'}, 'Overshoot': 'moderate', 'Settling Time': 'moderate', 'Steady-state Error': 'low'}}",increase Kp moderately so that the settling time is reduced.,tuningLogE,,case5
claim92,tunerE,2024-11-15 11:14:47,"{'State': {'Parameters': {'Kp': 'moderate', 'Ki': 'high', 'Kd': 'low'}, 'Overshoot': 'moderate', 'Settling Time': 'low', 'Steady-state Error': 'low'}, 'Next_State': {'Parameters': {'Kp': 'moderate', 'Ki': 'moderate', 'Kd': 'low'}, 'Overshoot': 'low', 'Settling Time': 'moderate', 'Steady-state Error': 'moderate'}}",decrease Ki moderately so that the overshoot is reduced.,tuningLogE,,case5
claim93,tunerE,2024-11-15 11:15:21,"{'State': {'Parameters': {'Kp': 'moderate', 'Ki': 'moderate', 'Kd': 'low'}, 'Overshoot': 'low', 'Settling Time': 'low', 'Steady-state Error': 'moderate'}, 'Next_State': {'Parameters': {'Kp': 'moderate', 'Ki': 'moderate', 'Kd': 'low'}, 'Overshoot': 'low', 'Settling Time': 'moderate', 'Steady-state Error': 'low'}}",increase Kp slightly so that the steady-state error is reduced.,tuningLogE,,case5
claim94,tunerE,2024-11-15 11:16:14,"{'State': {'Parameters': {'Kp': 'moderate', 'Ki': 'moderate', 'Kd': 'low'}, 'Overshoot': 'low', 'Settling Time': 'low', 'Steady-state Error': 'low'}, 'Next_State': {'Parameters': {'Kp': 'moderate', 'Ki': 'moderate', 'Kd': 'low'}, 'Overshoot': 'low', 'Settling Time': 'moderate', 'Steady-state Error': 'moderate'}}",decrease Kp slightly so that the settling time is reduced.,tuningLogE,,case5
