formalID,owner,content,explanation,format,target
formal3,KEngineerF,"positive_effect := {(Kp, Settling_Time)}",,fodot,claim3
formal4,KEngineerF,"positive_effect := {(Kp, Settling_Time)}",,fodot,claim4
formal5,KEngineerF,"positive_effect := {(Kp, Settling_Time)}",,fodot,claim5
formal7,KEngineerF,"negative_effect := {(Kp, Settling_Time)}",,fodot,claim7
formal8,KEngineerF,"negative_effect := {(Kd, Settling_Time)}",,fodot,claim8
formal17,KEngineerF,"negative_effect := {(Kd, Overshoot)}",,fodot,claim17
formal33,KEngineerF,"negative_effect := {(Ki, SSE)}",,fodot,claim33
formal37,KEngineerF,"positive_effect := {(Kp, Settling_Time)}",,fodot,claim37
formal38,KEngineerF,"positive_effect := {(Kp, Settling_Time)}",,fodot,claim38
formal39,KEngineerF,"positive_effect := {(Ki, SSE)}",,fodot,claim39
formal43,KEngineerF,"positive_effect := {(Ki, Settling_Time)}",,fodot,claim43
formal49,KEngineerF,"positive_effect := {(Kp, Settling_Time)}",,fodot,claim49
formal57,KEngineerF,"negative_effect := {(Ki, SSE)}",,fodot,claim57
formal61,KEngineerF,"negative_effect := {(Kd, Overshoot)}",,fodot,claim61
formal66,KEngineerF,"positive_effect := {(Ki, Settling_Time)}",,fodot,claim66
formal68,KEngineerF,"positive_effect := {(Kp, Settling_Time)}",,fodot,claim68
formal78,KEngineerF,"positive_effect := {(Kp, Settling_Time)}",,fodot,claim78
formal89,KEngineerF,"positive_effect := {(Ki, Settling_Time)}",,fodot,claim89
formal90,KEngineerF,"positive_effect := {(Kp, SSE)}",,fodot,claim90
formal92,KEngineerF,"positive_effect := {(Ki, Overshoot)}'",,fodot,claim92
formal93,KEngineerF,"negative_effect := {(Kp, SSE)}",,fodot,claim93
formal94,KEngineerF,"negative_effect := {(Kp, Settling_Time)}",,fodot,claim94
