claimID,owner,probability,content,explanation,target,selectorPhrase,revision
C1,A,0.1,The patient has birth asphyxia.,,,,
C2,A,0.9,The patient does not have birth asphyxia.,,,,
C3,B,0.2,"Given that the patient has birth asphyxia, the patient has PFC.",,,,
C4,B,0.0306,"Given that the patient does not have birth asphyxia, the patient has PFC.",,,,
C5,C,0.3,"Given that the patient has birth asphyxia, the patient has TGA.",,,,
C6,C,0.3367,"Given that the patient does not have birth asphyxia, the patient has TGA.",,,,
C7,D,0.25,"Given that the patient has birth asphyxia, the patient has Tetralogy of Fallot.",,,,
C8,A,0.2959,"Given that the patient does not have birth asphyxia, the patient has Tetralogy of Fallot.",,,,
C9,A,0.15,"Given that the patient has birth asphyxia, the patient has PAIVS.",,,,
C10,B,0.2347,"Given that the patient does not have birth asphyxia, the patient has PAIVS.",,,,
C11,B,0.05,"Given that the patient has birth asphyxia, the patient has TAPVD.",,,,
C12,C,0.051,"Given that the patient does not have birth asphyxia, the patient has TAPVD.",,,,
C13,C,0.05,"Given that the patient has birth asphyxia, the patient has lung disease.",,,,
C14,D,0.051,"Given that the patient does not have birth asphyxia, the patient has lung disease.",,,,
C15,A,0.1,"Given that the patient has PFC, LVH.",,,,
C16,A,0.1,"Given that the patient has TGA, LVH.",,,,
C17,B,0.1,"Given that the patient has Tetralogy of Fallot, LVH.",,,,
C18,B,0.9,"Given that the patient has PAIVS, LVH.",,,,
C19,C,0.05,"Given that the patient has TAPVD, LVH.",,,,
C20,C,0.1,"Given that the patient has lung disease, LVH.",,,,
C21,D,0.9,"Given that the patient has PFC, not having LVH.",,,,
C22,A,0.9,"Given that the patient has TGA, not having LVH.",,,,
C23,A,0.9,"Given that the patient has Tetralogy of Fallot, not having LVH.",,,,
C24,B,0.1,"Given that the patient has PAIVS, not having LVH.",,,,
C25,B,0.95,"Given that the patient has TAPVD, not having LVH.",,,,
C26,C,0.9,"Given that the patient has lung disease, not having LVH.",,,,
C27,C,0.15,"Given that the patient has PFC, duct flow is left-to-right.",,,,
C28,D,0.1,"Given that the patient has TGA, duct flow is left-to-right.",,,,
C29,A,0.8,"Given that the patient has Tetralogy of Fallot, duct flow is left-to-right.",,,,
C30,A,1.0,"Given that the patient has PAIVS, duct flow is left-to-right.",,,,
C31,B,0.33,"Given that the patient has TAPVD, duct flow is left-to-right.",,,,
C32,B,0.2,"Given that the patient has lung disease, duct flow is left-to-right.",,,,
C33,C,0.05,"Given that the patient has PFC, no duct flow is present.",,,,
C34,C,0.8,"Given that the patient has TGA, no duct flow is present.",,,,
C35,D,0.2,"Given that the patient has Tetralogy of Fallot, no duct flow is present.",,,,
C36,A,0.0,"Given that the patient has PAIVS, no duct flow is present.",,,,
C37,A,0.33,"Given that the patient has TAPVD, no duct flow is present.",,,,
C38,B,0.4,"Given that the patient has lung disease, no duct flow is present.",,,,
C39,B,0.8,"Given that the patient has PFC, duct flow is right-to-left.",,,,
C40,C,0.1,"Given that the patient has TGA, duct flow is right-to-left.",,,,
C41,C,0.0,"Given that the patient has Tetralogy of Fallot, duct flow is right-to-left.",,,,
C42,D,0.0,"Given that the patient has PAIVS, duct flow is right-to-left.",,,,
C43,A,0.34,"Given that the patient has TAPVD, duct flow is right-to-left.",,,,
C44,A,0.4,"Given that the patient has lung disease, duct flow is right-to-left.",,,,
C45,B,0.4,"Given that the patient has PFC, no cardiac mixing occurs.",,,,
C46,B,0.02,"Given that the patient has TGA, no cardiac mixing occurs.",,,,
C47,C,0.02,"Given that the patient has Tetralogy of Fallot, no cardiac mixing occurs.",,,,
C48,C,0.01,"Given that the patient has PAIVS, no cardiac mixing occurs.",,,,
C49,D,0.01,"Given that the patient has TAPVD, no cardiac mixing occurs.",,,,
C50,A,0.4,"Given that the patient has lung disease, no cardiac mixing occurs.",,,,
C51,A,0.43,"Given that the patient has PFC, mild cardiac mixing.",,,,
C52,B,0.09,"Given that the patient has TGA, mild cardiac mixing.",,,,
C53,B,0.16,"Given that the patient has Tetralogy of Fallot, mild cardiac mixing.",,,,
C54,C,0.02,"Given that the patient has PAIVS, mild cardiac mixing.",,,,
C55,C,0.03,"Given that the patient has TAPVD, mild cardiac mixing.",,,,
C56,D,0.53,"Given that the patient has lung disease, mild cardiac mixing.",,,,
C57,A,0.15,"Given that the patient has PFC, complete cardiac mixing.",,,,
C58,A,0.09,"Given that the patient has TGA, complete cardiac mixing.",,,,
C59,B,0.8,"Given that the patient has Tetralogy of Fallot, complete cardiac mixing.",,,,
C60,B,0.95,"Given that the patient has PAIVS, complete cardiac mixing.",,,,
C61,C,0.95,"Given that the patient has TAPVD, complete cardiac mixing.",,,,
C62,C,0.05,"Given that the patient has lung disease, complete cardiac mixing.",,,,
C63,D,0.02,"Given that the patient has PFC, transposition-point cardiac mixing.",,,,
C64,A,0.8,"Given that the patient has TGA, transposition-point cardiac mixing.",,,,
C65,A,0.02,"Given that the patient has Tetralogy of Fallot, transposition-point cardiac mixing.",,,,
C66,B,0.02,"Given that the patient has PAIVS, transposition-point cardiac mixing.",,,,
C67,B,0.01,"Given that the patient has TAPVD, transposition-point cardiac mixing.",,,,
C68,C,0.02,"Given that the patient has lung disease, transposition-point cardiac mixing.",,,,
C69,C,0.6,"Given that the patient has PFC, the lung parenchyma is normal.",,,,
C70,D,0.8,"Given that the patient has TGA, the lung parenchyma is normal.",,,,
C71,A,0.8,"Given that the patient has Tetralogy of Fallot, the lung parenchyma is normal.",,,,
C72,A,0.8,"Given that the patient has PAIVS, the lung parenchyma is normal.",,,,
C73,B,0.1,"Given that the patient has TAPVD, the lung parenchyma is normal.",,,,
C74,B,0.03,"Given that the patient has lung disease, the lung parenchyma is normal.",,,,
C75,C,0.1,"Given that the patient has PFC, the lung parenchyma is congested.",,,,
C76,C,0.05,"Given that the patient has TGA, the lung parenchyma is congested.",,,,
C77,D,0.05,"Given that the patient has Tetralogy of Fallot, the lung parenchyma is congested.",,,,
C78,A,0.05,"Given that the patient has PAIVS, the lung parenchyma is congested.",,,,
C79,A,0.6,"Given that the patient has TAPVD, the lung parenchyma is congested.",,,,
C80,B,0.25,"Given that the patient has lung disease, the lung parenchyma is congested.",,,,
C81,B,0.3,"Given that the patient has PFC, the lung parenchyma is abnormal.",,,,
C82,C,0.15,"Given that the patient has TGA, the lung parenchyma is abnormal.",,,,
C83,C,0.15,"Given that the patient has Tetralogy of Fallot, the lung parenchyma is abnormal.",,,,
C84,D,0.15,"Given that the patient has PAIVS, the lung parenchyma is abnormal.",,,,
C85,A,0.3,"Given that the patient has TAPVD, the lung parenchyma is abnormal.",,,,
C86,A,0.72,"Given that the patient has lung disease, the lung parenchyma is abnormal.",,,,
C87,B,0.3,"Given that the patient has PFC, lung flow is normal.",,,,
C88,B,0.2,"Given that the patient has TGA, lung flow is normal.",,,,
C89,C,0.15,"Given that the patient has Tetralogy of Fallot, lung flow is normal.",,,,
C90,C,0.1,"Given that the patient has PAIVS, lung flow is normal.",,,,
C91,D,0.3,"Given that the patient has TAPVD, lung flow is normal.",,,,
C92,A,0.7,"Given that the patient has lung disease, lung flow is normal.",,,,
C93,A,0.65,"Given that the patient has PFC, lung flow is low.",,,,
C94,B,0.05,"Given that the patient has TGA, lung flow is low.",,,,
C95,B,0.8,"Given that the patient has Tetralogy of Fallot, lung flow is low.",,,,
C96,C,0.85,"Given that the patient has PAIVS, lung flow is low.",,,,
C97,C,0.1,"Given that the patient has TAPVD, lung flow is low.",,,,
C98,D,0.1,"Given that the patient has lung disease, lung flow is low.",,,,
C99,A,0.05,"Given that the patient has PFC, lung flow is high.",,,,
C100,A,0.75,"Given that the patient has TGA, lung flow is high.",,,,
C101,B,0.05,"Given that the patient has Tetralogy of Fallot, lung flow is high.",,,,
C102,B,0.05,"Given that the patient has PAIVS, lung flow is high.",,,,
C103,C,0.6,"Given that the patient has TAPVD, lung flow is high.",,,,
C104,C,0.2,"Given that the patient has lung disease, lung flow is high.",,,,
C105,D,0.4,"Given that the patient has PFC, the patient is sick.",,,,
C106,A,0.3,"Given that the patient has TGA, the patient is sick.",,,,
C107,A,0.2,"Given that the patient has Tetralogy of Fallot, the patient is sick.",,,,
C108,B,0.3,"Given that the patient has PAIVS, the patient is sick.",,,,
C109,B,0.7,"Given that the patient has TAPVD, the patient is sick.",,,,
C110,C,0.7,"Given that the patient has a lung disease, the patient is sick.",,,,
C111,C,0.6,"Given that the patient has PFC, the patient is not sick.",,,,
C112,D,0.7,"Given that the patient has TGA, the patient is not sick.",,,,
C113,A,0.8,"Given that the patient has Tetralogy of Fallot, the patient is not sick.",,,,
C114,A,0.7,"Given that the patient has PAIVS, the patient is not sick.",,,,
C115,B,0.3,"Given that the patient has TAPVD, the patient is not sick.",,,,
C116,B,0.3,"Given that the patient has a lung disease, the patient is not sick.",,,,
C117,C,0.9,"Given that LVH is present, the LVH report indicates LVH.",,,,
C118,C,0.05,"Given that LVH is absent, the LVH report indicates LVH.",,,,
C119,D,0.1,"Given that LVH is present, the LVH report indicates no LVH.",,,,
C120,A,0.95,"Given that LVH is absent, the LVH report indicates no LVH.",,,,
C121,A,0.95,"Given left-to-right duct flow and no cardiac mixing, the hypoxia distribution is equal.",,,,
C122,B,0.95,"Given left-to-right duct flow and mild cardiac mixing, the hypoxia distribution is equal.",,,,
C123,B,0.95,"Given left-to-right duct flow and complete cardiac mixing, the hypoxia distribution is equal.",,,,
C124,C,0.95,"Given left-to-right duct flow and transposition-point cardiac mixing, the hypoxia distribution is equal.",,,,
C125,C,0.95,"Given no duct flow and no cardiac mixing, the hypoxia distribution is equal.",,,,
C126,D,0.95,"Given no duct flow and mild cardiac mixing, the hypoxia distribution is equal.",,,,
C127,A,0.95,"Given no duct flow and complete cardiac mixing, the hypoxia distribution is equal.",,,,
C128,A,0.95,"Given no duct flow and transposition-point cardiac mixing, the hypoxia distribution is equal.",,,,
C129,B,0.05,"Given right-to-left duct flow and no cardiac mixing, the hypoxia distribution is equal.",,,,
C130,B,0.5,"Given right-to-left duct flow and mild cardiac mixing, the hypoxia distribution is equal.",,,,
C131,C,0.95,"Given right-to-left duct flow and complete cardiac mixing, the hypoxia distribution is equal.",,,,
C132,C,0.5,"Given right-to-left duct flow and transposition-point cardiac mixing, the hypoxia distribution is equal.",,,,
C133,D,0.05,"Given left-to-right duct flow and no cardiac mixing, the hypoxia distribution is unequal.",,,,
C134,A,0.05,"Given left-to-right duct flow and mild cardiac mixing, the hypoxia distribution is unequal.",,,,
C135,A,0.05,"Given left-to-right duct flow and complete cardiac mixing, the hypoxia distribution is unequal.",,,,
C136,B,0.05,"Given left-to-right duct flow and transposition-point cardiac mixing, the hypoxia distribution is unequal.",,,,
C137,B,0.05,"Given no duct flow and no cardiac mixing, the hypoxia distribution is unequal.",,,,
C138,C,0.05,"Given no duct flow and mild cardiac mixing, the hypoxia distribution is unequal.",,,,
C139,C,0.05,"Given no duct flow and complete cardiac mixing, the hypoxia distribution is unequal.",,,,
C140,D,0.05,"Given no duct flow and transposition-point cardiac mixing, the hypoxia distribution is unequal.",,,,
C141,A,0.95,"Given right-to-left duct flow and no cardiac mixing, the hypoxia distribution is unequal.",,,,
C142,A,0.5,"Given right-to-left duct flow and mild cardiac mixing, the hypoxia distribution is unequal.",,,,
C143,B,0.05,"Given right-to-left duct flow and complete cardiac mixing, the hypoxia distribution is unequal.",,,,
C144,B,0.5,"Given right-to-left duct flow and transposition-point cardiac mixing, the hypoxia distribution is unequal.",,,,
C145,C,0.93,"Given no cardiac mixing and normal lung parenchyma, mild hypoxia in O₂.",,,,
C146,C,0.15,"Given no cardiac mixing and congested lung parenchyma, mild hypoxia in O₂.",,,,
C147,D,0.7,"Given no cardiac mixing and abnormal lung parenchyma, mild hypoxia in O₂.",,,,
C148,A,0.1,"Given mild cardiac mixing and normal lung parenchyma, mild hypoxia in O₂.",,,,
C149,A,0.1,"Given mild cardiac mixing and congested lung parenchyma, mild hypoxia in O₂.",,,,
C150,B,0.1,"Given mild cardiac mixing and abnormal lung parenchyma, mild hypoxia in O₂.",,,,
C151,B,0.1,"Given complete cardiac mixing and normal lung parenchyma, mild hypoxia in O₂.",,,,
C152,C,0.05,"Given complete cardiac mixing and congested lung parenchyma, mild hypoxia in O₂.",,,,
C153,C,0.1,"Given complete cardiac mixing and abnormal lung parenchyma, mild hypoxia in O₂.",,,,
C154,D,0.02,"Given transposition-point cardiac mixing and normal lung parenchyma, mild hypoxia in O₂.",,,,
C155,A,0.1,"Given transposition-point cardiac mixing and congested lung parenchyma, mild hypoxia in O₂.",,,,
C156,A,0.02,"Given transposition-point cardiac mixing and abnormal lung parenchyma, mild hypoxia in O₂.",,,,
C157,B,0.05,"Given no cardiac mixing and normal lung parenchyma, moderate hypoxia in O₂.",,,,
C158,B,0.8,"Given no cardiac mixing and congested lung parenchyma, moderate hypoxia in O₂.",,,,
C159,C,0.2,"Given no cardiac mixing and abnormal lung parenchyma, moderate hypoxia in O₂.",,,,
C160,C,0.8,"Given mild cardiac mixing and normal lung parenchyma, moderate hypoxia in O₂.",,,,
C161,D,0.75,"Given mild cardiac mixing and congested lung parenchyma, moderate hypoxia in O₂.",,,,
C162,A,0.65,"Given mild cardiac mixing and abnormal lung parenchyma, moderate hypoxia in O₂.",,,,
C163,A,0.8,"Given normal lung parenchyma, the CO₂ level is normal.",,,,
C164,B,0.65,"Given congested lung parenchyma, the CO₂ level is normal.",,,,
C165,B,0.45,"Given abnormal lung parenchyma, the CO₂ level is normal.",,,,
C166,C,0.1,"Given normal lung parenchyma, the CO₂ level is low.",,,,
C167,C,0.05,"Given congested lung parenchyma, the CO₂ level is low.",,,,
C168,D,0.05,"Given abnormal lung parenchyma, the CO₂ level is low.",,,,
C169,A,0.1,"Given normal lung parenchyma, the CO₂ level is high.",,,,
C170,A,0.3,"Given congested lung parenchyma, the CO₂ level is high.",,,,
C171,B,0.5,"Given abnormal lung parenchyma, the CO₂ level is high.",,,,
C172,B,0.9,"Given normal lung parenchyma and normal lung flow, the chest X-ray appears normal.",,,,
C173,C,0.14,"Given normal lung parenchyma and low lung flow, the chest X-ray appears normal.",,,,
C174,C,0.15,"Given normal lung parenchyma and high lung flow, the chest X-ray appears normal.",,,,
C175,D,0.05,"Given congested lung parenchyma and normal lung flow, the chest X-ray appears normal.",,,,
C176,A,0.05,"Given congested lung parenchyma and low lung flow, the chest X-ray appears normal.",,,,
C177,A,0.05,"Given congested lung parenchyma and high lung flow, the chest X-ray appears normal.",,,,
C178,B,0.05,"Given abnormal lung parenchyma and normal lung flow, the chest X-ray appears normal.",,,,
C179,B,0.05,"Given abnormal lung parenchyma and low lung flow, the chest X-ray appears normal.",,,,
C180,C,0.24,"Given abnormal lung parenchyma and high lung flow, the chest X-ray appears normal.",,,,
C181,C,0.03,"Given normal lung parenchyma and normal lung flow, the chest X-ray appears oligaemic.",,,,
C182,D,0.8,"Given normal lung parenchyma and low lung flow, the chest X-ray appears oligaemic.",,,,
C183,A,0.01,"Given normal lung parenchyma and high lung flow, the chest X-ray appears oligaemic.",,,,
C184,A,0.02,"Given congested lung parenchyma and normal lung flow, the chest X-ray appears oligaemic.",,,,
C185,B,0.22,"Given congested lung parenchyma and low lung flow, the chest X-ray appears oligaemic.",,,,
C186,B,0.02,"Given congested lung parenchyma and high lung flow, the chest X-ray appears oligaemic.",,,,
C187,C,0.05,"Given abnormal lung parenchyma and normal lung flow, the chest X-ray appears oligaemic.",,,,
C188,C,0.15,"Given abnormal lung parenchyma and low lung flow, the chest X-ray appears oligaemic.",,,,
C189,D,0.33,"Given abnormal lung parenchyma and high lung flow, the chest X-ray appears oligaemic.",,,,
C190,A,0.03,"Given normal lung parenchyma and normal lung flow, the chest X-ray appears plethoric.",,,,
C191,A,0.02,"Given normal lung parenchyma and low lung flow, the chest X-ray appears plethoric.",,,,
C192,B,0.79,"Given normal lung parenchyma and high lung flow, the chest X-ray appears plethoric.",,,,
C193,B,0.15,"Given congested lung parenchyma and normal lung flow, the chest X-ray appears plethoric.",,,,
C194,C,0.08,"Given congested lung parenchyma and low lung flow, the chest X-ray appears plethoric.",,,,
C195,C,0.4,"Given congested lung parenchyma and high lung flow, the chest X-ray appears plethoric.",,,,
C196,D,0.05,"Given abnormal lung parenchyma and normal lung flow, the chest X-ray appears plethoric.",,,,
C197,A,0.05,"Given abnormal lung parenchyma and low lung flow, the chest X-ray appears plethoric.",,,,
C198,A,0.03,"Given abnormal lung parenchyma and high lung flow, the chest X-ray appears plethoric.",,,,
C199,B,0.01,"Given normal lung parenchyma and normal lung flow, the chest X-ray shows a ground-glass appearance.",,,,
C200,B,0.02,"Given normal lung parenchyma and low lung flow, the chest X-ray shows a ground-glass appearance.",,,,
C201,C,0.04,"Given normal lung parenchyma and high lung flow, the chest X-ray shows a ground-glass appearance.",,,,
C202,C,0.7,"Given congested lung parenchyma and normal lung flow, the chest X-ray shows a ground-glass appearance.",,,,
C203,D,0.5,"Given congested lung parenchyma and low lung flow, the chest X-ray shows a ground-glass appearance.",,,,
C204,A,0.4,"Given congested lung parenchyma and high lung flow, the chest X-ray shows a ground-glass appearance.",,,,
C205,A,0.05,"Given abnormal lung parenchyma and normal lung flow, the chest X-ray shows a ground-glass appearance.",,,,
C206,B,0.05,"Given abnormal lung parenchyma and low lung flow, the chest X-ray shows a ground-glass appearance.",,,,
C207,B,0.34,"Given abnormal lung parenchyma and high lung flow, the chest X-ray shows a ground-glass appearance.",,,,
C208,C,0.03,"Given normal lung parenchyma and normal lung flow, the chest X-ray shows asymmetric patchy infiltrates.",,,,
C209,C,0.02,"Given normal lung parenchyma and low lung flow, the chest X-ray shows asymmetric patchy infiltrates.",,,,
C210,D,0.01,"Given normal lung parenchyma and high lung flow, the chest X-ray shows asymmetric patchy infiltrates.",,,,
C211,A,0.08,"Given congested lung parenchyma and normal lung flow, the chest X-ray shows asymmetric patchy infiltrates.",,,,
C212,A,0.15,"Given congested lung parenchyma and low lung flow, the chest X-ray shows asymmetric patchy infiltrates.",,,,
C213,B,0.13,"Given congested lung parenchyma and high lung flow, the chest X-ray shows asymmetric patchy infiltrates.",,,,
C214,B,0.8,"Given abnormal lung parenchyma and normal lung flow, the chest X-ray shows asymmetric patchy infiltrates.",,,,
C215,C,0.7,"Given abnormal lung parenchyma and low lung flow, the chest X-ray shows asymmetric patchy infiltrates.",,,,
C216,C,0.06,"Given abnormal lung parenchyma and high lung flow, the chest X-ray shows asymmetric patchy infiltrates.",,,,
C217,D,0.2,"Given normal lung parenchyma and that the patient is sick, grunting.",,,,
C218,A,0.05,"Given normal lung parenchyma and that the patient is not sick, grunting.",,,,
C219,A,0.4,"Given congested lung parenchyma and that the patient is sick, grunting.",,,,
C220,B,0.2,"Given congested lung parenchyma and that the patient is not sick, grunting.",,,,
C221,B,0.8,"Given abnormal lung parenchyma and that the patient is sick, grunting.",,,,
C222,C,0.6,"Given abnormal lung parenchyma and that the patient is not sick, grunting.",,,,
C223,C,0.8,"Given normal lung parenchyma and that the patient is sick, no grunting.",,,,
C224,D,0.95,"Given normal lung parenchyma and that the patient is not sick, no grunting.",,,,
C225,A,0.6,"Given congested lung parenchyma and that the patient is sick, no grunting.",,,,
C226,A,0.8,"Given congested lung parenchyma and that the patient is not sick, no grunting.",,,,
C227,B,0.2,"Given abnormal lung parenchyma and that the patient is sick, no grunting.",,,,
C228,B,0.4,"Given abnormal lung parenchyma and that the patient is not sick, no grunting.",,,,
C229,C,0.95,"Given that the patient has PFC and is sick, the patient is between 0 and 3 days old.",,,,
C230,C,0.85,"Given that the patient has PFC and is not sick, the patient is between 0 and 3 days old.",,,,
C231,D,0.8,"Given that the patient has TGA and is sick, the patient is between 0 and 3 days old.",,,,
C232,A,0.7,"Given that the patient has TGA and is not sick, the patient is between 0 and 3 days old.",,,,
C233,A,0.7,"Given that the patient has Tetralogy of Fallot and is sick, the patient is between 0 and 3 days old.",,,,
C234,B,0.25,"Given that the patient has Tetralogy of Fallot and is not sick, the patient is between 0 and 3 days old.",,,,
C235,B,0.8,"Given that the patient has PAIVS and is sick, the patient is between 0 and 3 days old.",,,,
C236,C,0.8,"Given that the patient has PAIVS and is not sick, the patient is between 0 and 3 days old.",,,,
C237,C,0.8,"Given that the patient has TAPVD and is sick, the patient is between 0 and 3 days old.",,,,
C238,D,0.7,"Given that the patient has TAPVD and is not sick, the patient is between 0 and 3 days old.",,,,
C239,A,0.9,"Given that the patient has lung disease and is sick, the patient is between 0 and 3 days old.",,,,
C240,A,0.8,"Given that the patient has lung disease and is not sick, the patient is between 0 and 3 days old.",,,,
C241,B,0.03,"Given that the patient has PFC and is sick, the patient is between 4 and 10 days old.",,,,
C242,B,0.1,"Given that the patient has PFC and is not sick, the patient is between 4 and 10 days old.",,,,
C243,C,0.15,"Given that the patient has TGA and is sick, the patient is between 4 and 10 days old.",,,,
C244,C,0.2,"Given that the patient has TGA and is not sick, the patient is between 4 and 10 days old.",,,,
C245,D,0.15,"Given that the patient has Tetralogy of Fallot and is sick, the patient is between 4 and 10 days old.",,,,
C246,A,0.25,"Given that the patient has Tetralogy of Fallot and is not sick, the patient is between 4 and 10 days old.",,,,
C247,A,0.15,"Given that the patient has PAIVS and is sick, the patient is between 4 and 10 days old.",,,,
C248,B,0.15,"Given that the patient has PAIVS and is not sick, the patient is between 4 and 10 days old.",,,,
C249,B,0.15,"Given that the patient has TAPVD and is sick, the patient is between 4 and 10 days old.",,,,
C250,C,0.2,"Given that the patient has TAPVD and is not sick, the patient is between 4 and 10 days old.",,,,
C251,C,0.08,"Given that the patient has lung disease and is sick, the patient is between 4 and 10 days old.",,,,
C252,D,0.15,"Given that the patient has lung disease and is not sick, the patient is between 4 and 10 days old.",,,,
C253,A,0.02,"Given that the patient has PFC and is sick, the patient is between 11 and 30 days old.",,,,
C254,A,0.05,"Given that the patient has PFC and is not sick, the patient is between 11 and 30 days old.",,,,
C255,B,0.05,"Given that the patient has TGA and is sick, the patient is between 11 and 30 days old.",,,,
C256,B,0.1,"Given that the patient has TGA and is not sick, the patient is between 11 and 30 days old.",,,,
C257,C,0.15,"Given that the patient has Tetralogy of Fallot and is sick, the patient is between 11 and 30 days old.",,,,
C258,C,0.5,"Given that the patient has Tetralogy of Fallot and is not sick, the patient is between 11 and 30 days old.",,,,
C259,D,0.05,"Given that the patient has PAIVS and is sick, the patient is between 11 and 30 days old.",,,,
C260,A,0.05,"Given that the patient has PAIVS and is not sick, the patient is between 11 and 30 days old.",,,,
C261,A,0.05,"Given that the patient has TAPVD and is sick, the patient is between 11 and 30 days old.",,,,
C262,B,0.1,"Given that the patient has TAPVD and is not sick, the patient is between 11 and 30 days old.",,,,
C263,B,0.02,"Given that the patient has lung disease and is sick, the patient is between 11 and 30 days old.",,,,
C264,C,0.05,"Given that the patient has lung disease and is not sick, the patient is between 11 and 30 days old.",,,,
C265,C,0.1,"Given equal hypoxia distribution and mild hypoxia in O₂, lower-body O₂ is less than five.",,,,
C266,D,0.3,"Given equal hypoxia distribution and moderate hypoxia in O₂, lower-body O₂ is less than five.",,,,
C267,A,0.5,"Given equal hypoxia distribution and severe hypoxia in O₂, lower-body O₂ is less than five.",,,,
C268,A,0.4,"Given unequal hypoxia distribution and mild hypoxia in O₂, lower-body O₂ is less than five.",,,,
C269,B,0.5,"Given unequal hypoxia distribution and moderate hypoxia in O₂, lower-body O₂ is less than five.",,,,
C270,B,0.6,"Given unequal hypoxia distribution and severe hypoxia in O₂, lower-body O₂ is less than five.",,,,
C271,C,0.3,"Given equal hypoxia distribution and mild hypoxia in O₂, lower-body O₂ is between five and twelve.",,,,
C272,C,0.6,"Given equal hypoxia distribution and moderate hypoxia in O₂, lower-body O₂ is between five and twelve.",,,,
C273,D,0.4,"Given equal hypoxia distribution and severe hypoxia in O₂, lower-body O₂ is between five and twelve.",,,,
C274,A,0.5,"Given unequal hypoxia distribution and mild hypoxia in O₂, lower-body O₂ is between five and twelve.",,,,
C275,A,0.45,"Given unequal hypoxia distribution and moderate hypoxia in O₂, lower-body O₂ is between five and twelve.",,,,
C276,B,0.35,"Given unequal hypoxia distribution and severe hypoxia in O₂, lower-body O₂ is between five and twelve.",,,,
C277,B,0.6,"Given equal hypoxia distribution and mild hypoxia in O₂, lower-body O₂ is twelve or higher.",,,,
C278,C,0.1,"Given equal hypoxia distribution and moderate hypoxia in O₂, lower-body O₂ is twelve or higher.",,,,
C279,C,0.1,"Given equal hypoxia distribution and severe hypoxia in O₂, lower-body O₂ is twelve or higher.",,,,
C280,D,0.1,"Given unequal hypoxia distribution and mild hypoxia in O₂, lower-body O₂ is twelve or higher.",,,,
C281,A,0.05,"Given unequal hypoxia distribution and moderate hypoxia in O₂, lower-body O₂ is twelve or higher.",,,,
C282,A,0.05,"Given unequal hypoxia distribution and severe hypoxia in O₂, lower-body O₂ is twelve or higher.",,,,
C283,B,0.1,"Given mild hypoxia in O₂, right-upper-quadrant O₂ is less than five.",,,,
C284,B,0.3,"Given moderate hypoxia in O₂, right-upper-quadrant O₂ is less than five.",,,,
C285,C,0.5,"Given severe hypoxia in O₂, right-upper-quadrant O₂ is less than five.",,,,
C286,C,0.3,"Given mild hypoxia in O₂, right-upper-quadrant O₂ is between five and twelve.",,,,
C287,D,0.6,"Given moderate hypoxia in O₂, right-upper-quadrant O₂ is between five and twelve.",,,,
C288,A,0.4,"Given severe hypoxia in O₂, right-upper-quadrant O₂ is between five and twelve.",,,,
C289,A,0.6,"Given mild hypoxia in O₂, right-upper-quadrant O₂ is twelve or higher.",,,,
C290,B,0.1,"Given moderate hypoxia in O₂, right-upper-quadrant O₂ is twelve or higher.",,,,
C291,B,0.1,"Given severe hypoxia in O₂, right-upper-quadrant O₂ is twelve or higher.",,,,
C292,C,0.9,"Given a normal CO₂ level, the CO₂ report indicates a value below 7.5.",,,,
C293,C,0.9,"Given a low CO₂ level, the CO₂ report indicates a value below 7.5.",,,,
C294,D,0.1,"Given a high CO₂ level, the CO₂ report indicates a value below 7.5.",,,,
C295,A,0.1,"Given a normal CO₂ level, the CO₂ report indicates a value of at least 7.5.",,,,
C296,A,0.1,"Given a low CO₂ level, the CO₂ report indicates a value of at least 7.5.",,,,
C297,B,0.9,"Given a high CO₂ level, the CO₂ report indicates a value of at least 7.5.",,,,
C298,B,0.8,"Given a normal chest X-ray, the X-ray report is normal.",,,,
C299,C,0.1,"Given an oligaemic chest X-ray, the X-ray report is normal.",,,,
C300,C,0.1,"Given a plethoric chest X-ray, the X-ray report is normal.",,,,
C301,D,0.08,"Given a ground-glass chest X-ray pattern, the X-ray report is normal.",,,,
C302,A,0.08,"Given an asymmetric patchy chest X-ray pattern, the X-ray report is normal.",,,,
C303,A,0.06,"Given a normal chest X-ray, the X-ray report is oligaemic.",,,,
C304,B,0.8,"Given an oligaemic chest X-ray, the X-ray report is oligaemic.",,,,
C305,B,0.02,"Given a plethoric chest X-ray, the X-ray report is oligaemic.",,,,
C306,C,0.02,"Given a ground-glass chest X-ray pattern, the X-ray report is oligaemic.",,,,
C307,C,0.02,"Given an asymmetric patchy chest X-ray pattern, the X-ray report is oligaemic.",,,,
C308,D,0.06,"Given a normal chest X-ray, the X-ray report is plethoric.",,,,
C309,A,0.02,"Given an oligaemic chest X-ray, the X-ray report is plethoric.",,,,
C310,A,0.8,"Given a plethoric chest X-ray, the X-ray report is plethoric.",,,,
C311,B,0.1,"Given a ground-glass chest X-ray pattern, the X-ray report is plethoric.",,,,
C312,B,0.1,"Given an asymmetric patchy chest X-ray pattern, the X-ray report is plethoric.",,,,
C313,C,0.02,"Given a normal chest X-ray, the X-ray report is ground-glass.",,,,
C314,C,0.02,"Given an oligaemic chest X-ray, the X-ray report is ground-glass.",,,,
C315,D,0.02,"Given a plethoric chest X-ray, the X-ray report is ground-glass.",,,,
C316,A,0.6,"Given a ground-glass chest X-ray pattern, the X-ray report is ground-glass.",,,,
C317,A,0.1,"Given an asymmetric patchy chest X-ray pattern, the X-ray report is ground-glass.",,,,
C318,B,0.06,"Given a normal chest X-ray, the X-ray report is asymmetric patchy.",,,,
C319,B,0.06,"Given an oligaemic chest X-ray, the X-ray report is asymmetric patchy.",,,,
C320,C,0.06,"Given a plethoric chest X-ray, the X-ray report is asymmetric patchy.",,,,
C321,C,0.2,"Given a ground-glass chest X-ray pattern, the X-ray report is asymmetric patchy.",,,,
C322,D,0.7,"Given an asymmetric patchy chest X-ray pattern, the X-ray report is asymmetric patchy.",,,,
C323,A,0.8,"Given that grunting is present, the grunting report indicates grunting.",,,,
C324,A,0.1,"Given that grunting is absent, the grunting report indicates grunting.",,,,
C325,B,0.2,"Given that grunting is present, the grunting report indicates no grunting.",,,,
C326,B,0.9,"Given that grunting is absent, the grunting report indicates no grunting.",,,,
